first_name,last_name,email
Ginevra,Mattson,gmattson0@blinklist.com
Jana,Woodier,jwoodier1@cam.ac.uk
Kass,Windmill,kwindmill2@oracle.com
Egbert,Waylen,ewaylen3@soundcloud.com
Hartwell,Scotchbrook,hscotchbrook4@alexa.com
Bernardo,Hubbock,bhubbock5@dmoz.org
Agustin,Zambon,azambon6@techcrunch.com
Avrom,Lovelock,alovelock7@imgur.com
Dominga,Bourges,dbourges8@cyberchimps.com
Corbet,Gryglewski,cgryglewski9@list-manage.com
Darryl,Langrick,dlangricka@si.edu
Niko,Foucard,nfoucardb@alexa.com
Bobbye,Czajkowski,bczajkowskic@cpanel.net
Conn,Manterfield,cmanterfieldd@ca.gov
Hortensia,Arling,harlinge@histats.com
Torrence,Bromilow,tbromilowf@fda.gov
Cissiee,Spittle,cspittleg@discovery.com
Janek,Speers,jspeersh@java.com
Lemmy,Kaszper,lkaszperi@google.it
Ardenia,Spohrmann,aspohrmannj@eepurl.com
Fancie,McGrey,fmcgreyk@cisco.com
Anabella,Beckwith,abeckwithl@360.cn
Addy,Byram,abyramm@zimbio.com
Pip,Seldon,pseldonn@barnesandnoble.com
Myrna,Cleary,mclearyo@icio.us
Carrissa,Stubbington,cstubbingtonp@blogger.com
Shalna,O' Kelleher,sokelleherq@pinterest.com
Clerissa,Closs,cclossr@ehow.com
Frederic,McDarmid,fmcdarmids@theatlantic.com
Karilynn,Hallows,khallowst@uol.com.br
Cinnamon,Coll,ccollu@zdnet.com
Pauli,Styan,pstyanv@1688.com
Zora,Arling,zarlingw@bing.com
Angelique,Biskupski,abiskupskix@barnesandnoble.com
Sharia,Fudger,sfudgery@linkedin.com
Garrek,Furse,gfursez@pinterest.com
Torin,McCurdy,tmccurdy10@drupal.org
Johnna,Ratt,jratt11@jiathis.com
Rosanne,Torregiani,rtorregiani12@issuu.com
Shaylah,Camm,scamm13@mapy.cz
Guss,Trivett,gtrivett14@mit.edu
Nedda,Slack,nslack15@myspace.com
Shelbi,Brade,sbrade16@mlb.com
Trace,Kendal,tkendal17@huffingtonpost.com
Shamus,Desbrow,sdesbrow18@wikispaces.com
Gabby,Boarleyson,gboarleyson19@typepad.com
Gun,Thorneley,gthorneley1a@howstuffworks.com
Berky,Wisham,bwisham1b@columbia.edu
Elisa,McKirton,emckirton1c@furl.net
Chiarra,Hacksby,chacksby1d@twitter.com
Everard,Hacquard,ehacquard1e@artisteer.com
Norry,Pilbeam,npilbeam1f@ow.ly
Libby,Farbrother,lfarbrother1g@trellian.com
Rafferty,Isakovitch,risakovitch1h@reference.com
Ines,St Quenin,istquenin1i@diigo.com
Gipsy,Pinxton,gpinxton1j@storify.com
Quintilla,Shorter,qshorter1k@163.com
Reinaldos,Stuchbury,rstuchbury1l@diigo.com
Juan,Macveigh,jmacveigh1m@alibaba.com
Mirabel,Mellanby,mmellanby1n@canalblog.com
Ruggiero,Smiths,rsmiths1o@drupal.org
Rheba,Neighbour,rneighbour1p@storify.com
Patten,Stukings,pstukings1q@cbc.ca
Antonino,Dykas,adykas1r@miibeian.gov.cn
Clovis,Barry,cbarry1s@businessweek.com
Paolina,Haberfield,phaberfield1t@shinystat.com
Lil,Pethybridge,lpethybridge1u@oaic.gov.au
Theodor,Thridgould,tthridgould1v@blogspot.com
Rodolphe,Lilburne,rlilburne1w@google.com.hk
Truda,Janes,tjanes1x@theglobeandmail.com
Fred,Cafe,fcafe1y@si.edu
Maible,Hargreves,mhargreves1z@cisco.com
Opal,Whitley,owhitley20@macromedia.com
Carlene,Cammacke,ccammacke21@netvibes.com
Saudra,Churchlow,schurchlow22@godaddy.com
Tedd,Risbridger,trisbridger23@marriott.com
Nedi,Whall,nwhall24@wix.com
Austin,Stobart,astobart25@ucla.edu
Clotilda,Kender,ckender26@bloglovin.com
Alfi,Almack,aalmack27@noaa.gov
Kore,Davana,kdavana28@wikia.com
Jessika,Murden,jmurden29@bbb.org
Stace,Fasham,sfasham2a@scientificamerican.com
Selene,Lotte,slotte2b@ted.com
Willie,Sumpton,wsumpton2c@hostgator.com
Gloriane,Kloisner,gkloisner2d@shinystat.com
Margalo,Bloodworthe,mbloodworthe2e@bloomberg.com
Katharine,Tombling,ktombling2f@tinypic.com
Antonin,Phillis,aphillis2g@independent.co.uk
Abel,Pagen,apagen2h@amazonaws.com
Linzy,Loxly,lloxly2i@earthlink.net
Clemmy,Borley,cborley2j@people.com.cn
Ellene,Arndtsen,earndtsen2k@mapy.cz
Griselda,Ife,gife2l@desdev.cn
Henderson,McLarnon,hmclarnon2m@youtube.com
Morrie,Rive,mrive2n@usa.gov
Orion,Cordall,ocordall2o@pinterest.com
Olivia,Roussell,oroussell2p@4shared.com
Gabrielle,Grove,ggrove2q@marketwatch.com
Winnie,Thornley,wthornley2r@163.com
Gage,Sirey,gsirey2s@cocolog-nifty.com
Jobyna,Roubay,jroubay2t@huffingtonpost.com
Mignon,Vidloc,mvidloc2u@oakley.com
Kienan,Lob,klob2v@imgur.com
Kaylyn,Prene,kprene2w@nps.gov
Jacquelyn,Blincoe,jblincoe2x@sciencedirect.com
Pamella,Toovey,ptoovey2y@oakley.com
Cristionna,Suggate,csuggate2z@tuttocitta.it
Gabrielle,Gantley,ggantley30@lycos.com
Dirk,Ciotto,dciotto31@boston.com
Hilde,Rathbone,hrathbone32@shinystat.com
Missie,Tuff,mtuff33@vkontakte.ru
Harp,Fernao,hfernao34@edublogs.org
Fransisco,Thombleson,fthombleson35@tuttocitta.it
Ida,Claque,iclaque36@wikia.com
Justin,Auchinleck,jauchinleck37@vk.com
Percy,Musicka,pmusicka38@soundcloud.com
Blayne,Frangleton,bfrangleton39@google.ru
Eolande,Nolton,enolton3a@webnode.com
Ashien,Heatly,aheatly3b@joomla.org
Arabela,McGinlay,amcginlay3c@huffingtonpost.com
Launce,Larive,llarive3d@about.me
Starr,Coughlin,scoughlin3e@t.co
Pammi,Nutbrown,pnutbrown3f@ebay.co.uk
Bella,Wrightham,bwrightham3g@ebay.co.uk
Hurleigh,Handley,hhandley3h@berkeley.edu
Audy,Montel,amontel3i@imageshack.us
Celisse,McMurty,cmcmurty3j@deviantart.com
Sidonia,Kohlerman,skohlerman3k@un.org
Christin,Baty,cbaty3l@toplist.cz
Gris,Flay,gflay3m@naver.com
Inglebert,Dumsday,idumsday3n@wunderground.com
Georgeanne,Kardos-Stowe,gkardosstowe3o@t.co
Del,Tamblingson,dtamblingson3p@soup.io
Lee,Chalfain,lchalfain3q@shinystat.com
Delmer,McQuilliam,dmcquilliam3r@blogtalkradio.com
Aland,Creddon,acreddon3s@drupal.org
Rodd,Bunyan,rbunyan3t@google.co.jp
Gretel,d' Elboux,gdelboux3u@icio.us
Jere,Bosdet,jbosdet3v@narod.ru
Mikol,Swanne,mswanne3w@soup.io
Lek,Caneo,lcaneo3x@loc.gov
Zarah,Scourfield,zscourfield3y@nbcnews.com
Renata,Matz,rmatz3z@amazon.co.jp
Carree,Medwell,cmedwell40@google.com
Wally,Brownhill,wbrownhill41@vkontakte.ru
Teodorico,Derr,tderr42@ted.com
Carley,Haysham,chaysham43@blogspot.com
Elvira,Benedite,ebenedite44@creativecommons.org
Pebrook,Burnand,pburnand45@list-manage.com
Raye,Agutter,ragutter46@cnn.com
Tania,Essberger,tessberger47@xing.com
Bartholemy,Scouse,bscouse48@google.ca
Patrizio,Kirstein,pkirstein49@soup.io
Shanie,Brazelton,sbrazelton4a@edublogs.org
Olympia,Ayris,oayris4b@infoseek.co.jp
Findley,Hryniewicz,fhryniewicz4c@microsoft.com
Rick,Vasilenko,rvasilenko4d@samsung.com
Neall,Pencot,npencot4e@gmpg.org
Ros,Standen,rstanden4f@google.es
Rustin,Broadbridge,rbroadbridge4g@discuz.net
Jodee,Epinoy,jepinoy4h@sfgate.com
Elicia,Teffrey,eteffrey4i@ovh.net
Theo,Fenner,tfenner4j@hexun.com
Elana,Martineau,emartineau4k@guardian.co.uk
Jaynell,Cowling,jcowling4l@columbia.edu
Brendis,Baron,bbaron4m@nba.com
Eydie,Brennen,ebrennen4n@latimes.com
Uriel,Broadstock,ubroadstock4o@buzzfeed.com
Jabez,Brosh,jbrosh4p@thetimes.co.uk
Leslie,Alyutin,lalyutin4q@google.com.au
Brit,Rozzell,brozzell4r@istockphoto.com
Gustavus,Shaddock,gshaddock4s@cnn.com
Julius,Geindre,jgeindre4t@ovh.net
Gwenny,Muehler,gmuehler4u@state.tx.us
Cleo,Beamond,cbeamond4v@wunderground.com
Ruby,Spurdle,rspurdle4w@yellowpages.com
Derrik,Banfield,dbanfield4x@feedburner.com
Myrah,Rodenborch,mrodenborch4y@1und1.de
Christiane,Ughi,cughi4z@theatlantic.com
Vivianne,Gaspard,vgaspard50@icq.com
Bruce,Wholesworth,bwholesworth51@miitbeian.gov.cn
Pauli,Dami,pdami52@unicef.org
Nanette,Coupman,ncoupman53@cbc.ca
Broderick,Gentsch,bgentsch54@mtv.com
Arlen,Bryning,abryning55@nifty.com
Louella,Knewstub,lknewstub56@dmoz.org
Koren,Renac,krenac57@etsy.com
Janith,Prando,jprando58@alexa.com
Arlina,Dorey,adorey59@hubpages.com
Ellynn,Narey,enarey5a@blog.com
Claudio,Garlett,cgarlett5b@noaa.gov
Gard,Duchasteau,gduchasteau5c@feedburner.com
Almira,Redholes,aredholes5d@cargocollective.com
Pryce,Habbergham,phabbergham5e@apple.com
Valma,Barff,vbarff5f@livejournal.com
Nils,Rydeard,nrydeard5g@ibm.com
Janis,Mosdill,jmosdill5h@lulu.com
Madelin,Ruckhard,mruckhard5i@patch.com
Eben,Pontin,epontin5j@businessweek.com
Garwin,Eschalotte,geschalotte5k@bbb.org
Cosmo,Antonognoli,cantonognoli5l@github.io
Ade,Iorizzi,aiorizzi5m@phoca.cz
Ive,Martinie,imartinie5n@wisc.edu
Fax,Kordovani,fkordovani5o@paypal.com
Nanice,McCloughen,nmccloughen5p@dion.ne.jp
Shaw,Tremain,stremain5q@gizmodo.com
Lothario,Martello,lmartello5r@dmoz.org
Field,Arnot,farnot5s@google.com.au
Sibel,Godsal,sgodsal5t@gmpg.org
Horatius,Bockmaster,hbockmaster5u@opensource.org
Melosa,Urry,murry5v@discovery.com
Abner,Knutsen,aknutsen5w@google.com.br
Burk,Couve,bcouve5x@amazon.co.jp
Pepito,Ferrelli,pferrelli5y@fema.gov
Lorne,Rawcliffe,lrawcliffe5z@twitpic.com
Huntington,Meake,hmeake60@umn.edu
Brion,O'Kynsillaghe,bokynsillaghe61@examiner.com
Dorene,Trainer,dtrainer62@opensource.org
Aurelea,Hardinge,ahardinge63@purevolume.com
Gerhard,Spleving,gspleving64@epa.gov
Hazel,MacFadzean,hmacfadzean65@xrea.com
Lynette,Blaxley,lblaxley66@paginegialle.it
Langston,Stormouth,lstormouth67@patch.com
Jarrod,Messham,jmessham68@chronoengine.com
Chiquita,Dorset,cdorset69@issuu.com
Starr,Gillino,sgillino6a@wikimedia.org
Lynnelle,Boldt,lboldt6b@ycombinator.com
Norma,Grimster,ngrimster6c@google.nl
Gaelan,Crutchfield,gcrutchfield6d@walmart.com
Nisse,Sambath,nsambath6e@feedburner.com
Naoma,Wynrahame,nwynrahame6f@archive.org
Aurel,Lawday,alawday6g@parallels.com
Ax,Sodory,asodory6h@themeforest.net
Emmet,Haseman,ehaseman6i@archive.org
Arlette,Bailie,abailie6j@cam.ac.uk
Alejoa,Stannion,astannion6k@4shared.com
Jasmin,Haggerstone,jhaggerstone6l@nyu.edu
Patten,Branch,pbranch6m@jimdo.com
Tiffy,Wetherald,twetherald6n@freewebs.com
Jake,Zottoli,jzottoli6o@mail.ru
Derwin,Bodleigh,dbodleigh6p@pcworld.com
Gillie,Dimond,gdimond6q@biglobe.ne.jp
Yves,Niblo,yniblo6r@biblegateway.com
Tabina,Carillo,tcarillo6s@indiatimes.com
Ag,Nottingam,anottingam6t@comcast.net
Alane,O'Corr,aocorr6u@baidu.com
Rhoda,Crinkley,rcrinkley6v@amazon.de
Fionna,Freeborne,ffreeborne6w@ihg.com
Oona,Benezet,obenezet6x@biblegateway.com
Joachim,Kubek,jkubek6y@hc360.com
Hyacinthe,Withnall,hwithnall6z@oaic.gov.au
Edyth,Talmadge,etalmadge70@fema.gov
Sigfrid,Sjostrom,ssjostrom71@slate.com
Kesley,MacDavitt,kmacdavitt72@cisco.com
Koressa,Copcott,kcopcott73@xinhuanet.com
Palm,Wyldish,pwyldish74@altervista.org
Kailey,Sellors,ksellors75@csmonitor.com
Emmaline,Linggard,elinggard76@upenn.edu
Temple,Caras,tcaras77@hatena.ne.jp
Townie,Stapleton,tstapleton78@hhs.gov
Addie,Adanez,aadanez79@naver.com
Carley,Naisey,cnaisey7a@ucsd.edu
Sheila,Ciccone,sciccone7b@patch.com
Cynthea,Struther,cstruther7c@noaa.gov
Ellary,MacKeig,emackeig7d@gmpg.org
Normy,Oughtright,noughtright7e@123-reg.co.uk
Dulsea,O'Cooney,docooney7f@github.com
Antonius,Lepoidevin,alepoidevin7g@twitpic.com
Carlita,Malam,cmalam7h@dion.ne.jp
Frants,Yakunkin,fyakunkin7i@symantec.com
Reeva,Rowbury,rrowbury7j@exblog.jp
Gabby,Astling,gastling7k@prlog.org
Vinny,Barcroft,vbarcroft7l@arstechnica.com
Milzie,Abbatini,mabbatini7m@de.vu
Noel,MacAlester,nmacalester7n@quantcast.com
Irv,Jouhan,ijouhan7o@youtu.be
Elena,Windrass,ewindrass7p@unicef.org
Gwenette,Brockie,gbrockie7q@123-reg.co.uk
Kylynn,Priestley,kpriestley7r@so-net.ne.jp
Jessica,Pegg,jpegg7s@geocities.com
Rebe,Boissier,rboissier7t@senate.gov
Gram,Couve,gcouve7u@go.com
Mendie,Wyldbore,mwyldbore7v@ibm.com
Swen,Snodden,ssnodden7w@ted.com
Calv,Cottingham,ccottingham7x@bing.com
Karlens,Jursch,kjursch7y@e-recht24.de
Adriaens,Croson,acroson7z@ycombinator.com
Brittni,Masdon,bmasdon80@sitemeter.com
Rowan,Standrin,rstandrin81@i2i.jp
Silvanus,Pentecost,spentecost82@mapy.cz
Oliy,Brimicombe,obrimicombe83@miibeian.gov.cn
Antonella,Lissemore,alissemore84@networkadvertising.org
Wileen,Burgwin,wburgwin85@skype.com
Ailis,Stubbings,astubbings86@unicef.org
Fenelia,Lovel,flovel87@wix.com
Bianka,Fishleigh,bfishleigh88@biglobe.ne.jp
Robinia,Hiscoe,rhiscoe89@youku.com
Karil,Spong,kspong8a@netvibes.com
Fleming,Andreasson,fandreasson8b@ft.com
Caresa,Tellenbach,ctellenbach8c@w3.org
Dannye,Martinho,dmartinho8d@aol.com
Evangelina,Bagnell,ebagnell8e@elegantthemes.com
Liana,Briffett,lbriffett8f@toplist.cz
Marwin,Dixon,mdixon8g@t.co
Ettie,Frediani,efrediani8h@devhub.com
Konstanze,Fishpoole,kfishpoole8i@intel.com
Paula,Amori,pamori8j@arstechnica.com
Ethelin,Fitzhenry,efitzhenry8k@so-net.ne.jp
Ray,Adicot,radicot8l@blogspot.com
Adoree,Crosthwaite,acrosthwaite8m@odnoklassniki.ru
Yvette,Mayow,ymayow8n@icio.us
Magdaia,Roseaman,mroseaman8o@dell.com
Diena,Danihelka,ddanihelka8p@flavors.me
Lorettalorna,Seebert,lseebert8q@opera.com
Barb,Parradice,bparradice8r@wordpress.org
Grier,Shovell,gshovell8s@cyberchimps.com
Gaultiero,Livzey,glivzey8t@cnbc.com
Anselma,Crossgrove,acrossgrove8u@bluehost.com
Terri,Morden,tmorden8v@spotify.com
Decca,Frisch,dfrisch8w@ustream.tv
Bobbie,O'Doohaine,bodoohaine8x@flavors.me
Joycelin,West,jwest8y@arstechnica.com
Leonhard,Barke,lbarke8z@wired.com
Johnath,Gomersal,jgomersal90@imdb.com
Mel,Pentony,mpentony91@youtu.be
Vikky,Kohnen,vkohnen92@mtv.com
Rollo,Demangeon,rdemangeon93@aboutads.info
Mort,Bonner,mbonner94@webmd.com
Jessalin,Sturmey,jsturmey95@miibeian.gov.cn
Adi,Southworth,asouthworth96@jugem.jp
Mile,Pilgrim,mpilgrim97@creativecommons.org
Ave,Lillywhite,alillywhite98@flavors.me
Alisha,Maciak,amaciak99@ifeng.com
Carlina,Dallewater,cdallewater9a@census.gov
Roch,McCrisken,rmccrisken9b@over-blog.com
Muffin,Moyes,mmoyes9c@bloglovin.com
Kirbie,Aslott,kaslott9d@kickstarter.com
Fanni,Hemerijk,fhemerijk9e@google.com.hk
Celie,Heatherington,cheatherington9f@cargocollective.com
Nadean,Alti,nalti9g@nsw.gov.au
Goober,Aizlewood,gaizlewood9h@xinhuanet.com
Farleigh,Womersley,fwomersley9i@etsy.com
Sidonnie,Orae,sorae9j@mtv.com
Carline,Sleaford,csleaford9k@skype.com
Chan,Clemenzo,cclemenzo9l@alibaba.com
Mordecai,Nuscha,mnuscha9m@ucoz.ru
Darsey,Toffel,dtoffel9n@printfriendly.com
Nikki,Cottu,ncottu9o@google.co.uk
Bili,Caldecutt,bcaldecutt9p@i2i.jp
Leia,Manneville,lmanneville9q@sbwire.com
Raddie,Nunnery,rnunnery9r@msn.com
Abey,Giorgio,agiorgio9s@51.la
Diarmid,Dowdall,ddowdall9t@admin.ch
Orv,Dumbare,odumbare9u@businesswire.com
Ephrayim,Feifer,efeifer9v@github.io
Merrielle,Label,mlabel9w@fda.gov
Hakeem,Thow,hthow9x@tumblr.com
Zebedee,Kryska,zkryska9y@sohu.com
Gare,MacCaull,gmaccaull9z@umn.edu
Annecorinne,Southway,asouthwaya0@dyndns.org
Brander,Babidge,bbabidgea1@fema.gov
Gertrud,Wyleman,gwylemana2@storify.com
Creighton,Jewers,cjewersa3@aol.com
Rasla,Pirnie,rpirniea4@tinyurl.com
Mae,Forst,mforsta5@woothemes.com
Peyton,Marte,pmartea6@bizjournals.com
Stace,Hares,sharesa7@seesaa.net
Maurita,Bowers,mbowersa8@meetup.com
Eamon,Syder,esydera9@wikispaces.com
Tildy,Bozworth,tbozworthaa@sphinn.com
Sloane,Portingale,sportingaleab@wordpress.org
Kristina,Savine,ksavineac@usa.gov
Ellynn,Canacott,ecanacottad@zdnet.com
Leoline,Sewill,lsewillae@netvibes.com
Nevile,Pauley,npauleyaf@springer.com
Montgomery,Dietmar,mdietmarag@lulu.com
Braden,Braycotton,bbraycottonah@rediff.com
Marina,Bladen,mbladenai@geocities.jp
Charlena,Simony,csimonyaj@netlog.com
Suzanne,Scoular,sscoularak@livejournal.com
Rani,Cokayne,rcokayneal@guardian.co.uk
Sibby,Bransby,sbransbyam@zdnet.com
Olivette,Bourhill,obourhillan@java.com
Cinderella,Ayce,cayceao@tinypic.com
Denny,Ailward,dailwardap@shutterfly.com
Free,Jacqueminet,fjacqueminetaq@cafepress.com
Rina,Goding,rgodingar@issuu.com
Moselle,Fain,mfainas@geocities.jp
Culley,Mateu,cmateuat@netvibes.com
Kenny,Rittmeyer,krittmeyerau@soundcloud.com
Kacie,Raeside,kraesideav@rambler.ru
Patrick,Futcher,pfutcheraw@google.com.br
Tallie,Woodyeare,twoodyeareax@merriam-webster.com
Iosep,Lacroutz,ilacroutzay@mtv.com
Anissa,Feitosa,afeitosaaz@yandex.ru
Sharleen,Chiene,schieneb0@jiathis.com
Kippie,Benard,kbenardb1@loc.gov
Clovis,O'Reilly,coreillyb2@google.com.au
Fianna,De Carolis,fdecarolisb3@miitbeian.gov.cn
Marnie,Haburne,mhaburneb4@oracle.com
Selinda,Wyllcocks,swyllcocksb5@msu.edu
Alexina,McDonell,amcdonellb6@dot.gov
Winne,Glascott,wglascottb7@blogs.com
Vassili,Ughini,vughinib8@geocities.com
Bourke,McRobbie,bmcrobbieb9@npr.org
Cullen,Harwell,charwellba@prweb.com
Alexia,Windsor,awindsorbb@state.tx.us
Lucine,Sedman,lsedmanbc@sakura.ne.jp
Lucienne,Venmore,lvenmorebd@cloudflare.com
Pet,Bedwell,pbedwellbe@cnet.com
Sydelle,Kingswood,skingswoodbf@slashdot.org
Maurizio,Roubay,mroubaybg@shareasale.com
Marita,Adamiec,madamiecbh@seattletimes.com
Theresina,Starmont,tstarmontbi@hubpages.com
Madelina,Cristofanini,mcristofaninibj@nps.gov
Leora,Oris,lorisbk@guardian.co.uk
Chantal,Sumers,csumersbl@weebly.com
Clarinda,Hallward,challwardbm@cnn.com
Thekla,Root,trootbn@ehow.com
Crin,Cadwallader,ccadwalladerbo@paginegialle.it
Alverta,Vannuccini,avannuccinibp@seesaa.net
Lucas,Letts,llettsbq@purevolume.com
Ainslee,Gamell,agamellbr@woothemes.com
Gibby,Altimas,galtimasbs@phoca.cz
Eva,Swinnerton,eswinnertonbt@free.fr
Gideon,Tucker,gtuckerbu@cisco.com
Rory,O'Corrin,rocorrinbv@over-blog.com
Storm,Cordingley,scordingleybw@lulu.com
Sondra,Brasher,sbrasherbx@hatena.ne.jp
Dorolice,Sutherden,dsutherdenby@abc.net.au
Eileen,Karby,ekarbybz@prweb.com
Jennine,Eles,jelesc0@spiegel.de
Angelika,Karleman,akarlemanc1@imageshack.us
Lenna,Dimont,ldimontc2@friendfeed.com
Denys,Pavel,dpavelc3@google.com
Kiri,Oldland,koldlandc4@surveymonkey.com
Esmeralda,Dartan,edartanc5@seesaa.net
Fraser,Wheatley,fwheatleyc6@tripadvisor.com
Rikki,Prenty,rprentyc7@timesonline.co.uk
Genna,Shilburne,gshilburnec8@aboutads.info
Susy,MacCauley,smaccauleyc9@github.io
Esther,Brandenberg,ebrandenbergca@joomla.org
Catina,Renak,crenakcb@google.pl
Valera,Elward,velwardcc@ted.com
Margareta,Jasiak,mjasiakcd@tmall.com
Prinz,Georgius,pgeorgiusce@shareasale.com
Issiah,Elstob,ielstobcf@domainmarket.com
Rea,Ghidotti,rghidotticg@sun.com
Salomi,Baggallay,sbaggallaych@home.pl
Arden,Elvin,aelvinci@dailymotion.com
Germain,Oldall,goldallcj@forbes.com
Ricca,Wickins,rwickinsck@dell.com
Janey,Keenleyside,jkeenleysidecl@geocities.com
Leonora,Chateau,lchateaucm@tiny.cc
Isiahi,Sheers,isheerscn@bing.com
Brew,Furse,bfurseco@europa.eu
Giffy,Greenly,ggreenlycp@spotify.com
Viola,Ruler,vrulercq@freewebs.com
Cornelia,Coleson,ccolesoncr@slideshare.net
Sancho,Toffolini,stoffolinics@skyrock.com
Isobel,Zink,izinkct@amazon.co.uk
Carley,Avrahm,cavrahmcu@comcast.net
Inna,Ungerer,iungerercv@is.gd
Julina,de Wilde,jdewildecw@merriam-webster.com
Normy,Hegerty,nhegertycx@netvibes.com
Nollie,Philipet,nphilipetcy@hexun.com
Baxie,Gorham,bgorhamcz@newsvine.com
Irita,Colnett,icolnettd0@tinyurl.com
Anallese,Pringle,apringled1@reddit.com
Richmound,Lydiatt,rlydiattd2@phoca.cz
Armin,Yarmouth,ayarmouthd3@geocities.jp
Imogen,Bickerstaff,ibickerstaffd4@blogs.com
Elysee,Brounsell,ebrounselld5@artisteer.com
Shayne,Goncalo,sgoncalod6@furl.net
Nicola,Butteris,nbutterisd7@altervista.org
Orelia,Nancekivell,onancekivelld8@youtu.be
Waly,Sharvill,wsharvilld9@admin.ch
Gaylor,Blakeney,gblakeneyda@cafepress.com
Durand,Culpen,dculpendb@springer.com
Elbertina,Farman,efarmandc@multiply.com
Bob,Gainsborough,bgainsboroughdd@chron.com
Jenda,Kuhn,jkuhnde@businessweek.com
Emmye,Petche,epetchedf@friendfeed.com
Miles,Burhouse,mburhousedg@nba.com
Rogerio,Beuscher,rbeuscherdh@github.io
Adrienne,Packington,apackingtondi@scientificamerican.com
Sari,Shrubsall,sshrubsalldj@sciencedaily.com
Brooks,Cabena,bcabenadk@vistaprint.com
Adora,Hawkswood,ahawkswooddl@mysql.com
Kyle,Maggorini,kmaggorinidm@deviantart.com
Angeli,Murray,amurraydn@ovh.net
Gertrude,Heinreich,gheinreichdo@mac.com
Florida,Fontell,ffontelldp@unblog.fr
Sallyanne,Adamou,sadamoudq@chronoengine.com
Iago,Tigner,itignerdr@globo.com
Carney,Standage,cstandageds@rambler.ru
Sigvard,Lewendon,slewendondt@webs.com
Annadiane,Searl,asearldu@bloomberg.com
Myca,Smorthit,msmorthitdv@wiley.com
Glynis,Usmar,gusmardw@umich.edu
Bay,Gyrgorcewicx,bgyrgorcewicxdx@wufoo.com
Billy,Andreopolos,bandreopolosdy@nyu.edu
Heddie,Coweuppe,hcoweuppedz@ebay.com
Rolando,Salvin,rsalvine0@squarespace.com
Rosetta,Birtle,rbirtlee1@canalblog.com
Dietrich,Goldwater,dgoldwatere2@ning.com
Killie,Memory,kmemorye3@independent.co.uk
Gusty,Tripcony,gtripconye4@ow.ly
Pepita,Arnaez,parnaeze5@pbs.org
Kirk,Vicioso,kviciosoe6@exblog.jp
Sybilla,Crawford,scrawforde7@ucoz.com
Deerdre,Cookes,dcookese8@mashable.com
Currey,Olliar,colliare9@reddit.com
Aleda,Oldknowe,aoldknoweea@indiatimes.com
Joly,Swindles,jswindleseb@addthis.com
Giraud,Fermoy,gfermoyec@phoca.cz
Nadia,Ricket,nricketed@chronoengine.com
Garfield,M'Quhan,gmquhanee@marriott.com
Avis,Barneveld,abarneveldef@oaic.gov.au
Hanni,Carlon,hcarloneg@springer.com
Wit,Ifill,wifilleh@blog.com
Christin,Baldwin,cbaldwinei@etsy.com
Tucky,Hirtz,thirtzej@amazon.co.jp
Mira,Janousek,mjanousekek@census.gov
Abigail,Cominello,acominelloel@123-reg.co.uk
Ellswerth,Ravenhill,eravenhillem@smugmug.com
Leia,Dunn,ldunnen@rakuten.co.jp
Drona,Burdin,dburdineo@uiuc.edu
Byram,Yarrall,byarrallep@goo.ne.jp
Townsend,Slader,tsladereq@squarespace.com
Myranda,Tottem,mtottemer@mac.com
Guntar,Easter,geasteres@howstuffworks.com
Marjorie,Borges,mborgeset@mozilla.com
Amandie,Newnham,anewnhameu@ca.gov
Benyamin,Woodcock,bwoodcockev@berkeley.edu
Thomas,Palin,tpalinew@privacy.gov.au
Cosetta,Bonin,cboninex@odnoklassniki.ru
Petronilla,de Werk,pdewerkey@prweb.com
Teodora,Tolworthie,ttolworthieez@hostgator.com
Daffi,Enrich,denrichf0@mozilla.org
Karlie,Crowder,kcrowderf1@youku.com
Effie,Pie,epief2@upenn.edu
Veronique,Eustanch,veustanchf3@cnn.com
Dora,Duffitt,dduffittf4@eepurl.com
Zollie,Sowle,zsowlef5@chicagotribune.com
Barnabe,Sherington,bsheringtonf6@theguardian.com
Imogene,Backsal,ibacksalf7@google.co.uk
Nicolina,Lehrian,nlehrianf8@marriott.com
Curtis,Glynne,cglynnef9@microsoft.com
Jyoti,Roelofsen,jroelofsenfa@slashdot.org
Marjy,Heeney,mheeneyfb@parallels.com
Rachel,Adams,radamsfc@vimeo.com
Raoul,Fox,rfoxfd@cdc.gov
Vinnie,Yaldren,vyaldrenfe@canalblog.com
Cordy,Sarrell,csarrellff@ucsd.edu
Flori,Meffen,fmeffenfg@icq.com
Gwenore,Mutlow,gmutlowfh@columbia.edu
Ketti,Vossing,kvossingfi@studiopress.com
Nevile,Lavington,nlavingtonfj@linkedin.com
Flossy,Samter,fsamterfk@vistaprint.com
Cynthy,Basindale,cbasindalefl@dion.ne.jp
Phyllida,Hercules,pherculesfm@ow.ly
Isis,Pautot,ipautotfn@wix.com
Kalil,Simakov,ksimakovfo@clickbank.net
Karie,Jakeman,kjakemanfp@si.edu
Christean,Brafield,cbrafieldfq@live.com
Hamish,Jakobsson,hjakobssonfr@springer.com
Hedwiga,Dungee,hdungeefs@amazonaws.com
Lesley,Brognot,lbrognotft@cpanel.net
Noelle,Pink,npinkfu@last.fm
Em,Rubie,erubiefv@netscape.com
Alissa,Standeven,astandevenfw@multiply.com
Meghann,Nissle,mnisslefx@google.fr
Judas,Simmers,jsimmersfy@nhs.uk
Julietta,MacCathay,jmaccathayfz@ocn.ne.jp
Monti,Jako,mjakog0@meetup.com
Stacee,Keoghane,skeoghaneg1@yolasite.com
Sibella,Bernade,sbernadeg2@sourceforge.net
Bee,Kristiansen,bkristianseng3@blog.com
Genni,Sellor,gsellorg4@jalbum.net
Terrill,Dickerline,tdickerlineg5@about.com
Osbourn,Trebilcock,otrebilcockg6@plala.or.jp
Tomlin,Jillins,tjillinsg7@imgur.com
Susette,Chumley,schumleyg8@google.ru
Kissiah,Morrilly,kmorrillyg9@gravatar.com
Nicholas,Ramalhete,nramalhetega@hhs.gov
Rennie,Macveigh,rmacveighgb@ning.com
Tomaso,Cromack,tcromackgc@bloglines.com
Alejandro,Tubritt,atubrittgd@si.edu
Lucius,Jeandet,ljeandetge@tumblr.com
Benny,Jikovsky,bjikovskygf@microsoft.com
Hill,Vanetti,hvanettigg@chronoengine.com
Steffane,McClancy,smcclancygh@twitter.com
Warde,Casarini,wcasarinigi@google.de
Catherina,Simion,csimiongj@prweb.com
Darrell,Trevear,dtreveargk@fda.gov
Thatch,Reeson,treesongl@wufoo.com
Mariana,Lowbridge,mlowbridgegm@reverbnation.com
Benjie,Vedeneev,bvedeneevgn@sphinn.com
Binni,Coney,bconeygo@nhs.uk
Clemmy,Pharaoh,cpharaohgp@bloglines.com
Nicole,Weldrick,nweldrickgq@va.gov
Allissa,Beverley,abeverleygr@cargocollective.com
Rockwell,Galland,rgallandgs@ustream.tv
Berke,Culmer,bculmergt@cnbc.com
Dalt,Patience,dpatiencegu@sun.com
Kendricks,Abbatt,kabbattgv@nps.gov
Giacomo,Matteacci,gmatteaccigw@biglobe.ne.jp
Jarred,McCathie,jmccathiegx@sogou.com
Amye,Renfrew,arenfrewgy@cocolog-nifty.com
Zarah,Hairyes,zhairyesgz@joomla.org
Leora,Parr,lparrh0@ning.com
Alli,Lepard,alepardh1@nsw.gov.au
Coreen,Cradick,ccradickh2@4shared.com
Prue,Lithgow,plithgowh3@cam.ac.uk
Myca,Buffy,mbuffyh4@clickbank.net
Skip,Wheelband,swheelbandh5@prweb.com
Emmott,Igoe,eigoeh6@rediff.com
Morton,Billo,mbilloh7@biglobe.ne.jp
Xenia,McGuggy,xmcguggyh8@virginia.edu
Sapphire,Zettler,szettlerh9@163.com
Ariella,Ewdale,aewdaleha@gravatar.com
Crystie,Iskov,ciskovhb@mtv.com
Allis,Staig,astaighc@rakuten.co.jp
Michell,Lukesch,mlukeschhd@instagram.com
Lowrance,Tipton,ltiptonhe@hao123.com
Debor,Stannus,dstannushf@mit.edu
Philip,Bullerwell,pbullerwellhg@tinypic.com
Damiano,McCunn,dmccunnhh@aboutads.info
Claudelle,Smiz,csmizhi@mapquest.com
Maggie,Lockey,mlockeyhj@artisteer.com
Berte,Martello,bmartellohk@constantcontact.com
Pieter,Purchase,ppurchasehl@jiathis.com
Ely,Bax,ebaxhm@naver.com
Zonnya,Roman,zromanhn@wordpress.org
Gabbi,Hallad,ghalladho@altervista.org
Betty,Alldred,balldredhp@mapy.cz
Rickie,Pettengell,rpettengellhq@privacy.gov.au
Marty,Astie,mastiehr@nature.com
Winnah,McRobb,wmcrobbhs@cdbaby.com
Kippy,Oatley,koatleyht@thetimes.co.uk
Darcie,Ham,dhamhu@godaddy.com
Mersey,Hallett,mhalletthv@omniture.com
Emmi,Tschierse,etschiersehw@goodreads.com
Florry,Roof,froofhx@ow.ly
Andros,Wanell,awanellhy@marriott.com
Essy,Paske,epaskehz@yellowbook.com
Shannen,Pickavance,spickavancei0@indiegogo.com
Marisa,Oldfield-Cherry,moldfieldcherryi1@ed.gov
Guilbert,Dockerty,gdockertyi2@drupal.org
Dorisa,Speak,dspeaki3@clickbank.net
Chloris,Normavell,cnormavelli4@xinhuanet.com
Thibaut,Castelow,tcastelowi5@china.com.cn
Ursuline,Haryngton,uharyngtoni6@vk.com
Marius,Linacre,mlinacrei7@altervista.org
Jackie,Ogdahl,jogdahli8@unc.edu
Emera,Bransby,ebransbyi9@wikispaces.com
Ban,Springell,bspringellia@wordpress.org
Loydie,Tremblot,ltremblotib@addtoany.com
Agustin,Mongan,amonganic@printfriendly.com
Silvain,Wicher,swicherid@google.com
Norine,Crofts,ncroftsie@vkontakte.ru
Clarette,Trueman,ctruemanif@house.gov
Tabor,Albrook,talbrookig@deliciousdays.com
Emilia,Cornewell,ecornewellih@myspace.com
Ellary,Carbry,ecarbryii@live.com
Aldon,Armatidge,aarmatidgeij@bloglines.com
Doyle,Spellman,dspellmanik@blogs.com
Harriett,Beldham,hbeldhamil@bandcamp.com
Carter,Hulstrom,chulstromim@mtv.com
Vicky,Godmer,vgodmerin@baidu.com
Jeannette,Walby,jwalbyio@globo.com
Randa,Woodhead,rwoodheadip@wix.com
Izabel,Mcimmie,imcimmieiq@seattletimes.com
Johnnie,Milne,jmilneir@psu.edu
Shayla,Furphy,sfurphyis@guardian.co.uk
Stanton,Puffett,spuffettit@springer.com
King,Hallatt,khallattiu@wikipedia.org
Yoko,Stout,ystoutiv@zdnet.com
Jodie,Beeres,jbeeresiw@pagesperso-orange.fr
Keelby,Archibould,karchibouldix@wunderground.com
Arne,Mildenhall,amildenhalliy@reddit.com
Lannie,Kilmary,lkilmaryiz@51.la
Hildegaard,Pechet,hpechetj0@list-manage.com
Teena,Lubomirski,tlubomirskij1@skype.com
Dani,Chell,dchellj2@china.com.cn
Nevin,Longhorne,nlonghornej3@imgur.com
Elnar,Crayker,ecraykerj4@berkeley.edu
Randall,Barniss,rbarnissj5@miitbeian.gov.cn
Virgil,Lacoste,vlacostej6@sakura.ne.jp
Ingunna,Danks,idanksj7@tiny.cc
Rennie,Connor,rconnorj8@home.pl
Arron,Scragg,ascraggj9@princeton.edu
Matthaeus,Crankhorn,mcrankhornja@technorati.com
Lorette,Campbell-Dunlop,lcampbelldunlopjb@noaa.gov
Sholom,Rickard,srickardjc@europa.eu
Lacey,Cloutt,lclouttjd@japanpost.jp
Bennie,Suttle,bsuttleje@bloomberg.com
Jean,Amberson,jambersonjf@homestead.com
Barbe,Baike,bbaikejg@deviantart.com
Rosana,Redhouse,rredhousejh@amazon.de
Joelie,Eatttok,jeatttokji@yellowbook.com
Karon,Menure,kmenurejj@gnu.org
Colan,Bremen,cbremenjk@vkontakte.ru
Matty,Oldfield,moldfieldjl@boston.com
Jacquenette,Swann,jswannjm@statcounter.com
Eveleen,Cathie,ecathiejn@scientificamerican.com
Anet,Fowgies,afowgiesjo@dell.com
Jenna,Elmore,jelmorejp@etsy.com
Bibbye,Greep,bgreepjq@tinypic.com
Evangeline,Sima,esimajr@usgs.gov
Juliann,Simic,jsimicjs@slideshare.net
Nissie,Iacovielli,niacoviellijt@amazon.com
Sam,Dederick,sdederickju@intel.com
Evie,Nicklen,enicklenjv@about.me
Matthieu,Canet,mcanetjw@51.la
Flossy,Tallis,ftallisjx@canalblog.com
Laryssa,Curtain,lcurtainjy@forbes.com
Colby,Dunning,cdunningjz@a8.net
Tuckie,Midson,tmidsonk0@cbslocal.com
Sutton,Lidgett,slidgettk1@hubpages.com
Marci,Hugnet,mhugnetk2@state.tx.us
Corrina,Hawlgarth,chawlgarthk3@histats.com
Sutton,Leverett,sleverettk4@aol.com
Tessi,Greatland,tgreatlandk5@oracle.com
Berky,Maskill,bmaskillk6@smh.com.au
Petronia,Chaudret,pchaudretk7@yolasite.com
Kore,Rittmeyer,krittmeyerk8@jigsy.com
Linet,Jamary,ljamaryk9@ucoz.com
Jan,Hurd,jhurdka@drupal.org
Charin,Abramski,cabramskikb@uiuc.edu
Saunderson,Pottage,spottagekc@pbs.org
Simmonds,Banford,sbanfordkd@booking.com
Wilmer,Calverley,wcalverleyke@github.io
Imogen,Coal,icoalkf@addtoany.com
Cristal,Lockhead,clockheadkg@zdnet.com
Enoch,Larsen,elarsenkh@statcounter.com
Brenna,Cranney,bcranneyki@engadget.com
Cy,Kleinerman,ckleinermankj@smh.com.au
Herta,Blagdon,hblagdonkk@nydailynews.com
Jacqueline,Jeffcoate,jjeffcoatekl@google.ru
Humfrid,Griston,hgristonkm@slate.com
Orbadiah,Coetzee,ocoetzeekn@blog.com
Carol,Salliss,csallissko@friendfeed.com
Jade,Degg,jdeggkp@prweb.com
Eydie,Revan,erevankq@barnesandnoble.com
Karney,O'Shiels,koshielskr@disqus.com
Elisabet,Breeze,ebreezeks@tripadvisor.com
Wildon,Jillard,wjillardkt@weebly.com
Filberto,McLarens,fmclarensku@mapquest.com
Zebedee,Kohlerman,zkohlermankv@live.com
Ingrim,Broader,ibroaderkw@dropbox.com
Gauthier,Alcoran,galcorankx@dell.com
Maximilien,Dibnah,mdibnahky@issuu.com
Angie,Elacoate,aelacoatekz@cpanel.net
Tory,Goodee,tgoodeel0@time.com
Genna,Dudenie,gdudeniel1@gmpg.org
Lucien,Lenham,llenhaml2@dagondesign.com
Ezmeralda,Akerman,eakermanl3@sphinn.com
Keene,Lortzing,klortzingl4@privacy.gov.au
Rossy,Smurfit,rsmurfitl5@sciencedaily.com
Kareem,Doerren,kdoerrenl6@un.org
Matthaeus,Lurner,mlurnerl7@ox.ac.uk
Cyril,Flamank,cflamankl8@utexas.edu
Salomo,Domniney,sdomnineyl9@topsy.com
Edd,Franzel,efranzella@ucoz.com
Aloisia,Klaaassen,aklaaassenlb@gmpg.org
Electra,Menghi,emenghilc@nbcnews.com
Aggie,Louch,alouchld@sourceforge.net
Elspeth,Kasman,ekasmanle@hubpages.com
Alikee,Philippeaux,aphilippeauxlf@slate.com
Patrice,Silverman,psilvermanlg@bloomberg.com
Merry,Pudsey,mpudseylh@guardian.co.uk
Quincey,Terran,qterranli@upenn.edu
Wendall,Rief,wrieflj@1und1.de
Gun,Mellhuish,gmellhuishlk@blog.com
Olivier,Featherston,ofeatherstonll@harvard.edu
Aldwin,Sturdy,asturdylm@amazon.co.jp
Karlotte,Nicklinson,knicklinsonln@msn.com
Sorcha,Loton,slotonlo@flavors.me
Leeland,Gavriel,lgavriellp@4shared.com
Cati,Gidney,cgidneylq@jigsy.com
Isa,Pinilla,ipinillalr@usatoday.com
Rodolphe,Gooch,rgoochls@mysql.com
Ondrea,Climer,oclimerlt@hugedomains.com
Gordy,Tolerton,gtolertonlu@umn.edu
Andree,Cavan,acavanlv@wsj.com
Gerardo,Fearnill,gfearnilllw@mlb.com
Lewes,Fortescue,lfortescuelx@google.cn
Lyndell,Haldon,lhaldonly@craigslist.org
Lesly,Coysh,lcoyshlz@engadget.com
Malcolm,Ladbrook,mladbrookm0@google.de
Hetti,Cocher,hcocherm1@unicef.org
Everard,Goudard,egoudardm2@hibu.com
Dorey,Ainge,daingem3@i2i.jp
Janel,Jesty,jjestym4@slashdot.org
Joella,Joscelin,jjoscelinm5@redcross.org
Fredericka,Maleham,fmalehamm6@hc360.com
Charleen,Grunbaum,cgrunbaumm7@mashable.com
Miranda,Warriner,mwarrinerm8@microsoft.com
Ches,Surgison,csurgisonm9@php.net
Crysta,Cutriss,ccutrissma@oaic.gov.au
Allina,Hosier,ahosiermb@cargocollective.com
Henriette,Dobbings,hdobbingsmc@blinklist.com
Pren,Tackle,ptacklemd@vk.com
Cesya,Kitching,ckitchingme@prlog.org
Jarrett,Heazel,jheazelmf@amazon.com
Travers,Vears,tvearsmg@i2i.jp
Vinita,Lanchester,vlanchestermh@cafepress.com
Pammie,Spatoni,pspatonimi@bbb.org
Jarrett,Kittel,jkittelmj@nifty.com
Korney,Mustoo,kmustoomk@berkeley.edu
Vinita,Disbrow,vdisbrowml@deviantart.com
Cecil,Chillingworth,cchillingworthmm@apple.com
Halsy,Furnival,hfurnivalmn@nps.gov
Christin,Ingman,cingmanmo@aol.com
Troy,Sikorsky,tsikorskymp@wiley.com
Corri,Brozek,cbrozekmq@plala.or.jp
Matelda,Bertin,mbertinmr@ycombinator.com
Libbie,Cicculini,lcicculinims@gnu.org
Merci,Vardy,mvardymt@wunderground.com
Gaven,Cadwallader,gcadwalladermu@gnu.org
Paulo,Argabrite,pargabritemv@ocn.ne.jp
Wilie,Gambell,wgambellmw@wired.com
Renee,Paliser,rpalisermx@a8.net
Tadeas,MacCurley,tmaccurleymy@opera.com
Carolus,Wibrow,cwibrowmz@ted.com
Murial,Brockbank,mbrockbankn0@seattletimes.com
Sherry,Petrelluzzi,spetrelluzzin1@gravatar.com
Nils,Inderwick,ninderwickn2@nymag.com
Theodor,Bittlestone,tbittlestonen3@elpais.com
Peggy,Olivi,polivin4@delicious.com
Belita,Corn,bcornn5@elegantthemes.com
Worthy,Loadman,wloadmann6@unesco.org
Alexis,Mitkov,amitkovn7@bbb.org
Dur,Rash,drashn8@who.int
Banky,Holyard,bholyardn9@friendfeed.com
Harley,Gavey,hgaveyna@archive.org
Arvie,Powys,apowysnb@google.pl
Shir,Albury,salburync@plala.or.jp
Rubi,Itskovitz,ritskovitznd@wired.com
Rainer,Batsford,rbatsfordne@ca.gov
Holli,Warrender,hwarrendernf@rambler.ru
Marchall,Blackmoor,mblackmoorng@cornell.edu
Lindsay,Skym,lskymnh@wordpress.com
Channa,Aldus,caldusni@taobao.com
Chiquia,Grumley,cgrumleynj@de.vu
Mellicent,Reisenstein,mreisensteinnk@dmoz.org
Kennett,Geraldini,kgeraldininl@japanpost.jp
Ulrika,Deverale,udeveralenm@sogou.com
Carney,Littledyke,clittledykenn@360.cn
Ly,Levine,llevineno@wikipedia.org
Worden,Skudder,wskuddernp@pbs.org
Olwen,Roll,orollnq@digg.com
Bonita,Verbrugghen,bverbrugghennr@ehow.com
Reeva,Pinwell,rpinwellns@nih.gov
Dene,Ramlot,dramlotnt@dion.ne.jp
Hyatt,Redolfi,hredolfinu@time.com
Fleur,Kohrsen,fkohrsennv@microsoft.com
Tara,Cradock,tcradocknw@google.ca
Gerti,Pretswell,gpretswellnx@senate.gov
Hastings,O'Hannay,hohannayny@cnbc.com
Avigdor,Blonfield,ablonfieldnz@themeforest.net
Frances,Wooles,fwooleso0@harvard.edu
Bryn,Rozzier,brozziero1@baidu.com
Marion,Prier,mpriero2@hostgator.com
Ethelbert,Phil,ephilo3@mac.com
Reuben,Plane,rplaneo4@fda.gov
Muhammad,MacWhirter,mmacwhirtero5@vinaora.com
Ilyse,Duckworth,iduckwortho6@xrea.com
Valaree,Privett,vprivetto7@japanpost.jp
Symon,Feild,sfeildo8@networkadvertising.org
Herold,Osgar,hosgaro9@economist.com
Brandice,Borth,bborthoa@mapquest.com
Eran,Easby,eeasbyob@ocn.ne.jp
Orin,Lambertz,olambertzoc@unicef.org
Donal,Garvie,dgarvieod@imdb.com
Graham,Cromley,gcromleyoe@google.fr
Linoel,McLeoid,lmcleoidof@sohu.com
Karola,Haskell,khaskellog@goo.gl
Kylie,Fairburne,kfairburneoh@salon.com
Ottilie,Stanwix,ostanwixoi@dailymail.co.uk
Clarey,Fenny,cfennyoj@domainmarket.com
Lu,Oslar,loslarok@symantec.com
Alwyn,Leber,aleberol@ehow.com
Bar,Liepins,bliepinsom@hao123.com
Jobey,Dearnaley,jdearnaleyon@shinystat.com
Lillian,Szreter,lszreteroo@yandex.ru
Nolan,Karsh,nkarshop@gnu.org
Karrah,Cordes,kcordesoq@msu.edu
Christy,Gittose,cgittoseor@homestead.com
Joycelin,Gaffney,jgaffneyos@timesonline.co.uk
Asa,Wittier,awittierot@accuweather.com
Bren,Decker,bdeckerou@linkedin.com
Leslie,Durrad,ldurradov@123-reg.co.uk
Daryle,Goldine,dgoldineow@state.gov
Guglielma,Finlator,gfinlatorox@scientificamerican.com
Marline,Kynge,mkyngeoy@g.co
Brandtr,Andryszczak,bandryszczakoz@army.mil
Terri-jo,Foxcroft,tfoxcroftp0@people.com.cn
Mathian,Goscar,mgoscarp1@hibu.com
Tommie,Rickardsson,trickardssonp2@topsy.com
Gretta,Mouget,gmougetp3@topsy.com
Wes,Mulvagh,wmulvaghp4@uiuc.edu
Massimiliano,Fieldstone,mfieldstonep5@wordpress.com
Donavon,Gammack,dgammackp6@ucoz.ru
Juan,Christer,jchristerp7@godaddy.com
Ebenezer,Bleckly,eblecklyp8@nps.gov
Rasia,Gemeau,rgemeaup9@nba.com
Nehemiah,Milton,nmiltonpa@fastcompany.com
Parrnell,Meader,pmeaderpb@microsoft.com
Merissa,Fischer,mfischerpc@webmd.com
Rebeka,Weal,rwealpd@youtube.com
Nettie,Lafayette,nlafayettepe@quantcast.com
Amargo,Robuchon,arobuchonpf@economist.com
Marcela,Craigs,mcraigspg@theglobeandmail.com
Faber,Daniely,fdanielyph@msu.edu
Briant,Andreev,bandreevpi@g.co
Rebeca,Monks,rmonkspj@symantec.com
Angil,McReedy,amcreedypk@goodreads.com
Mackenzie,Spendley,mspendleypl@phoca.cz
Laural,Rankcom,lrankcompm@dropbox.com
North,Doers,ndoerspn@seesaa.net
Stearne,Chittenden,schittendenpo@addtoany.com
Dorothee,Wattinham,dwattinhampp@discuz.net
Cymbre,Scoone,cscoonepq@prnewswire.com
Carmine,Witherdon,cwitherdonpr@nydailynews.com
Mycah,Kent,mkentps@gnu.org
Esta,Poter,epoterpt@netlog.com
Terri,O'Doghesty,todoghestypu@cbslocal.com
Sholom,Kuschel,skuschelpv@sphinn.com
Devin,Standidge,dstandidgepw@nba.com
Georgetta,Priden,gpridenpx@taobao.com
Linoel,Streat,lstreatpy@webnode.com
Nicolai,Downham,ndownhampz@prlog.org
Miles,Corro,mcorroq0@hatena.ne.jp
Rab,Gorner,rgornerq1@ning.com
Jedd,MacKeig,jmackeigq2@umich.edu
Don,Edgcumbe,dedgcumbeq3@theguardian.com
Bree,Blowin,bblowinq4@discovery.com
Kirby,Heims,kheimsq5@berkeley.edu
Kingsley,Akester,kakesterq6@auda.org.au
Lacy,Steketee,lsteketeeq7@list-manage.com
Billy,Whittleton,bwhittletonq8@noaa.gov
Ripley,Boulsher,rboulsherq9@wordpress.org
Casie,Minogue,cminogueqa@constantcontact.com
Calley,Yakobowitch,cyakobowitchqb@artisteer.com
Curran,Cater,ccaterqc@themeforest.net
Lucinda,Jarvis,ljarvisqd@comsenz.com
Marjory,Disdel,mdisdelqe@opera.com
Edgard,Croisier,ecroisierqf@artisteer.com
Baird,Formilli,bformilliqg@ucoz.com
Cloris,Casper,ccasperqh@indiatimes.com
Lilas,Terzo,lterzoqi@weebly.com
Jacob,Gravestone,jgravestoneqj@slate.com
Aldo,Stode,astodeqk@gravatar.com
Timothea,Brothers,tbrothersql@bing.com
Ruperta,Schimank,rschimankqm@slate.com
Felicle,Flancinbaum,fflancinbaumqn@hc360.com
Munroe,Tichelaar,mtichelaarqo@csmonitor.com
Gallard,Warman,gwarmanqp@vinaora.com
Rosmunda,Deluca,rdelucaqq@army.mil
Ricardo,Gudgion,rgudgionqr@boston.com
Ivy,Ladson,iladsonqs@g.co
Thomasina,Winckles,twincklesqt@cnet.com
Mose,Doumer,mdoumerqu@buzzfeed.com
Filippo,Corringham,fcorringhamqv@google.es
Glenine,Fidal,gfidalqw@marketwatch.com
Valina,MacFarlan,vmacfarlanqx@imgur.com
Bridgette,Stute,bstuteqy@furl.net
Carter,Minmagh,cminmaghqz@adobe.com
Courtenay,Scafe,cscafer0@hc360.com
Maximo,Rymill,mrymillr1@uiuc.edu
Max,MacMarcuis,mmacmarcuisr2@twitpic.com
Galvin,Dullingham,gdullinghamr3@tumblr.com
Anabal,Wederell,awederellr4@apache.org
Griffith,Fozard,gfozardr5@bravesites.com
Ernaline,Wickins,ewickinsr6@dagondesign.com
Cybil,Newlyn,cnewlynr7@lycos.com
Alon,Clemits,aclemitsr8@myspace.com
Eddie,Sutehall,esutehallr9@instagram.com
Alyce,Phippin,aphippinra@cdbaby.com
Annmaria,Normabell,anormabellrb@imdb.com
Arte,Macvey,amacveyrc@yale.edu
Lucina,Sprowle,lsprowlerd@msn.com
Jen,Matteacci,jmatteaccire@cdc.gov
Brien,Orpwood,borpwoodrf@hao123.com
Beatrice,Sweetnam,bsweetnamrg@npr.org
Pauly,Maffiotti,pmaffiottirh@sun.com
Itch,Hartop,ihartopri@barnesandnoble.com
Valentin,Kolak,vkolakrj@washington.edu
Marilin,Rapps,mrappsrk@yahoo.com
Sheri,Houselee,shouseleerl@theatlantic.com
Peadar,Milillo,pmilillorm@techcrunch.com
Dacy,Durn,ddurnrn@boston.com
Aurelea,Danne,adannero@a8.net
Dulcea,Riccio,dricciorp@imgur.com
Sheelah,Kembrey,skembreyrq@github.io
Selina,Emanuelov,semanuelovrr@nyu.edu
