hide_id,first_name,last_name,email,country,city,phone,postalcode
1,Amber,Kemme,akemme0@goo.ne.jp,Portugal,Paço,705-895-8350,2530-692
2,Shepperd,O'Luney,soluney1@baidu.com,Germany,Leipzig,233-655-3294,04288
3,Madelyn,Sisnett,msisnett2@technorati.com,Portugal,Viso,676-818-7518,4950-070
4,Pearce,Tieraney,ptieraney3@noaa.gov,Luxembourg,Junglinster,225-138-7984,L-6155
5,Georgetta,Hulls,ghulls4@tripod.com,Portugal,Covão da Carvalha,346-463-3314,2485-203
6,Branden,Blackbrough,bblackbrough5@blog.com,Portugal,Santa Maria da Feira,128-691-6580,4520-162
7,Dane,Petrolli,dpetrolli6@canalblog.com,France,Reims,273-694-2774,51679 CEDEX 2
8,Beau,Bonniface,bbonniface7@vimeo.com,Germany,Dresden,580-826-2903,01189
9,Malissia,Milmore,mmilmore8@feedburner.com,France,Fleury-les-Aubrais,559-447-5311,45404 CEDEX
10,Jaime,Antosch,jantosch9@time.com,Poland,Olszówka,514-863-7838,62-641
11,Fredi,Morby,fmorbya@prweb.com,Canada,Athabasca,804-589-7418,T9S
12,Sean,de Copeman,sdecopemanb@youtu.be,Portugal,Vilar,768-746-1660,4960-010
13,Vasilis,Orrum,vorrumc@disqus.com,Portugal,Francos,568-865-9759,2635-230
14,Lotti,Earles,learlesd@cnet.com,France,Alès,401-280-5773,30112 CEDEX
15,Aubry,Dominetti,adominettie@buzzfeed.com,United States,Lansing,517-227-6670,48919
16,Renate,Ivanets,rivanetsf@nsw.gov.au,Canada,Vanderhoof,759-225-9062,G9A
17,Irena,Reimer,ireimerg@dyndns.org,Canada,Saint John,763-372-7819,E2L
18,Alfredo,Kebell,akebellh@addtoany.com,Canada,Port Hawkesbury,364-886-6406,B9A
19,Deborah,Adamowicz,dadamowiczi@toplist.cz,Canada,Mercier,185-169-3739,J6R
20,Crystie,Lowndes,clowndesj@nps.gov,Bulgaria,Kaloyanovo,857-447-0945,4181
21,Trudie,Traviss,ttravissk@gnu.org,Portugal,Boticas,639-823-8289,5460-304
22,Ellynn,O' Donohoe,eodonohoel@oracle.com,Italy,Trieste,577-242-6999,34129
23,Pauline,McOrkil,pmcorkilm@drupal.org,Ireland,Kingscourt,327-773-5721,F45
24,Tybalt,Dahlgren,tdahlgrenn@nifty.com,France,Cavaillon,217-557-2758,84309 CEDEX
25,Ethelind,Olner,eolnero@whitehouse.gov,Poland,Mrzezino,987-717-2441,84-130
26,Arda,Eyre,aeyrep@wordpress.com,Poland,Kórnik,114-644-4135,62-035
27,Durante,Winckles,dwincklesq@usa.gov,Poland,Blachownia,173-497-5973,42-293
28,Earvin,Rubinowitch,erubinowitchr@creativecommons.org,France,Courtaboeuf,289-841-8655,91959 CEDEX
29,Gigi,Knightsbridge,gknightsbridges@facebook.com,Ireland,Cloyne,184-990-8628,P81
30,Alwin,Glasscoo,aglasscoot@time.com,Portugal,Parada de Todeia,615-108-9821,4585-254
31,Tamiko,Hebron,thebronu@nature.com,Poland,Skwierzyna,970-456-3828,66-440
32,Rozina,Darth,rdarthv@soup.io,Poland,Jeżów Sudecki,347-538-0675,58-521
33,Mersey,Dehmel,mdehmelw@bluehost.com,France,Maubeuge,873-482-8716,59604 CEDEX
34,Andrej,Haresnaip,aharesnaipx@hp.com,Poland,Stoczek,345-524-5581,07-104
35,Arel,Jagoe,ajagoey@macromedia.com,Luxembourg,Ell,306-777-2521,L-8531
36,Dickie,Ca,dcaz@weebly.com,Portugal,Lajeosa,183-120-0915,3405-305
37,Eden,Jarvis,ejarvis10@fda.gov,Poland,Jabłonica Polska,902-434-0972,38-421
38,Adrian,Herion,aherion11@pen.io,Netherlands,Zeewolde,387-321-2196,3899
39,Osbourne,Weld,oweld12@google.co.uk,Italy,Napoli,415-205-9151,80129
40,Sal,Dore,sdore13@vk.com,Portugal,Couço,851-938-5144,2100-309
41,Kristal,Ditchfield,kditchfield14@wordpress.com,Canada,Richmond,123-241-4054,V6Y
42,Darci,Chasteau,dchasteau15@cargocollective.com,Poland,Ryjewo,868-358-6146,82-420
43,Hakeem,Bordone,hbordone16@ebay.co.uk,Canada,Acton Vale,566-582-1619,G0E
44,Angy,Rummery,arummery17@gov.uk,Portugal,Chafé,289-489-0672,4935-584
45,Julie,Handaside,jhandaside18@yellowpages.com,United Kingdom,Newtown,820-334-6797,RG20
46,Farris,McIlheran,fmcilheran19@whitehouse.gov,Poland,Kluczbork,502-964-0092,46-203
47,Helene,Snowball,hsnowball1a@behance.net,Poland,Pisz,154-226-2099,12-201
48,Martynne,Cardow,mcardow1b@sphinn.com,France,L'Aigle,772-179-7641,61304 CEDEX
49,Sergeant,Finlry,sfinlry1c@discovery.com,Portugal,Boucinha,906-704-8640,4950-122
50,Flory,Panichelli,fpanichelli1d@google.co.jp,Poland,Dzięgielów,447-173-9572,43-445
51,Lura,Joret,ljoret1e@flickr.com,France,Le Kremlin-Bicêtre,664-977-3229,94279 CEDEX
52,Winny,Jarritt,wjarritt1f@fotki.com,Poland,Tarnawatka,692-886-4886,22-604
53,Luella,MacFadin,lmacfadin1g@cloudflare.com,France,Angers,552-443-6891,49066 CEDEX 01
54,Zeb,Hugonet,zhugonet1h@phpbb.com,United States,Sacramento,916-250-6253,94291
55,Shurwood,Duncklee,sduncklee1i@si.edu,France,Paris 07,803-410-0032,75321 CEDEX 07
56,Agnesse,Jacobovitz,ajacobovitz1j@google.com.br,United States,Mobile,251-921-2524,36670
57,Johanna,Luckhurst,jluckhurst1k@apple.com,United States,Newark,973-553-6741,07104
58,Adelind,Duggon,aduggon1l@phoca.cz,France,Arnage,371-419-1019,72234 CEDEX
59,Clayson,Ceccoli,cceccoli1m@amazonaws.com,Portugal,Pego Longo,978-949-3968,2605-150
60,Myrtia,Blain,mblain1n@mapy.cz,Poland,Skaryszew,384-202-4539,26-640
61,Jana,Yong,jyong1o@tiny.cc,Ireland,Kingscourt,947-927-3681,F45
62,Bobbette,Wadeling,bwadeling1p@fda.gov,Canada,Port Moody,746-342-5390,V3H
63,Martie,Blodg,mblodg1q@forbes.com,Portugal,Póvoa do Valado,679-838-4442,3810-760
64,Randa,Lawly,rlawly1r@vk.com,Croatia,Bistrinci,272-247-9023,31551
65,Jarvis,Montilla,jmontilla1s@cnet.com,France,Schirmeck,206-460-6541,67137 CEDEX
66,Lucia,Test,ltest1t@feedburner.com,Croatia,Jesenice,343-815-8292,21314
67,Haley,Ysson,hysson1u@theglobeandmail.com,Portugal,Mós,332-540-7997,5155-406
68,Lilah,Weddeburn - Scrimgeour,lweddeburnscrimgeour1v@hao123.com,Portugal,Casais,369-632-1067,3100-806
69,Worthington,Cordes,wcordes1w@irs.gov,Netherlands,Haarlem,705-518-6210,2029
70,Kelila,Lighten,klighten1x@usgs.gov,Canada,Sainte-Adèle,943-867-4857,J8B
71,Grissel,Dabbs,gdabbs1y@cnn.com,France,Meaux,994-271-7325,77104 CEDEX
72,Wolfy,Comusso,wcomusso1z@un.org,Morocco,Kenitra,651-565-8518,
73,Miran,Rudolph,mrudolph20@wired.com,France,Sophia Antipolis,330-968-9739,06928 CEDEX
74,Justen,Accombe,jaccombe21@java.com,Portugal,Manhete,232-639-0064,4750-549
75,Daryl,Dumbreck,ddumbreck22@bloomberg.com,United States,Newport Beach,714-531-6354,92662
76,Karly,Jacquest,kjacquest23@ycombinator.com,Portugal,Quintães,887-750-4186,4620-620
77,Hedvig,Thomas,hthomas24@flickr.com,United States,Tyler,903-820-7163,75710
78,Hill,Wilde,hwilde25@networksolutions.com,France,Soissons,222-398-1079,02204 CEDEX
79,Corrina,Flarity,cflarity26@timesonline.co.uk,France,Bourges,963-293-0844,18013 CEDEX
80,Sophronia,Fingleton,sfingleton27@techcrunch.com,France,Tours,953-491-3108,37205 CEDEX 3
81,Blondy,Langston,blangston28@bbc.co.uk,Poland,Kobylanka,874-974-8557,73-108
82,Riley,Fricke,rfricke29@w3.org,France,Cambrai,613-428-6901,59407 CEDEX
83,Sansone,Powlett,spowlett2a@vinaora.com,France,Plérin,325-836-2105,22194 CEDEX
84,Millisent,McCullogh,mmccullogh2b@blogs.com,Ireland,Naas,227-786-2011,W91
85,Maximilian,Gleadhall,mgleadhall2c@ftc.gov,Poland,Czerwin,862-186-2058,07-407
86,Gerhard,Redferne,gredferne2d@gov.uk,Canada,Delaware,922-500-6176,M3H
87,Alair,Cavey,acavey2e@latimes.com,France,Colombes,106-905-5401,92715 CEDEX
88,Eb,Sapp,esapp2f@fastcompany.com,France,Dijon,549-269-0854,21009 CEDEX
89,Robinson,Mullany,rmullany2g@tiny.cc,Portugal,Fornos de Algodres,850-493-9163,6370-105
90,Oliviero,Assinder,oassinder2h@google.pl,Morocco,Timezgadiouine,820-676-7732,
91,Annamaria,Erswell,aerswell2i@wordpress.org,France,Nantes,532-966-4273,44101 CEDEX 4
92,Layton,Ovill,lovill2j@diigo.com,Canada,Omemee,687-856-2855,V1E
93,Greta,Estevez,gestevez2k@blogtalkradio.com,Poland,Gąsocin,724-669-5469,06-440
94,Stillmann,Hiers,shiers2l@ihg.com,Luxembourg,Gœsdorf,296-713-6020,L-9674
95,Carlin,Ghirigori,cghirigori2m@cocolog-nifty.com,United States,New Bedford,508-301-3857,02745
96,Gussy,Waddie,gwaddie2n@themeforest.net,United States,Monroe,318-180-7404,71213
97,Gus,Mugford,gmugford2o@instagram.com,France,Les Sables-d'Olonne,565-447-3475,85109 CEDEX
98,Romola,Corsar,rcorsar2p@delicious.com,United States,Richmond,804-707-1721,23237
99,Cicily,Pengilley,cpengilley2q@qq.com,Poland,Zbytków,167-430-4366,90-360
100,Kenna,Santus,ksantus2r@imgur.com,France,Trélazé,480-294-1382,49804 CEDEX
101,Delmer,Garlinge,dgarlinge2s@altervista.org,Germany,Remscheid,152-189-1985,42897
102,Kristos,Schurig,kschurig2t@sfgate.com,United States,Lakeland,863-102-6788,33805
103,Cash,Jurisic,cjurisic2u@cmu.edu,Poland,Miłosław,710-605-6358,62-320
104,Tobin,Charley,tcharley2v@jalbum.net,Ireland,Booterstown,241-723-5065,D04
105,Chlo,Browning,cbrowning2w@fema.gov,United States,Erie,814-464-0486,16505
106,Gabby,Appleton,gappleton2x@alibaba.com,Poland,Ujazd,481-636-3804,97-225
107,Hagen,Sim,hsim2y@chron.com,Poland,Siedlce,371-742-5405,33-321
108,Edsel,Surmeyer,esurmeyer2z@sohu.com,Portugal,Mirandela,231-569-4097,5370-182
109,Dieter,Hatherley,dhatherley30@hostgator.com,Germany,Hamburg,280-349-1303,20359
110,Derrek,Chappelow,dchappelow31@unblog.fr,France,Saint-Quentin-Fallavier,893-319-7216,38293 CEDEX
111,Jewell,Somner,jsomner32@geocities.com,Portugal,Carrascal,775-692-9589,6120-215
112,Arabelle,Thurstan,athurstan33@e-recht24.de,France,Paris 13,143-464-8789,75623 CEDEX 13
113,Gianna,Anselmi,ganselmi34@histats.com,Poland,Kłomnice,687-233-4771,42-270
114,Sarita,Bracher,sbracher35@discuz.net,France,Fos-sur-Mer,674-719-8508,13779 CEDEX
115,Noach,Armitage,narmitage36@globo.com,United States,Atlanta,404-345-9212,31106
116,Lianna,Yuryichev,lyuryichev37@wikia.com,Portugal,Águas,785-301-6346,6090-014
117,Caesar,Ledgister,cledgister38@go.com,Morocco,Oulmes,663-196-8426,
118,Celestina,Marler,cmarler39@redcross.org,Canada,Powassan,603-155-9257,E3G
119,Briggs,Boullin,bboullin3a@theglobeandmail.com,Poland,Ciechocin,301-911-5532,87-408
120,Dorie,Suttill,dsuttill3b@imageshack.us,Poland,Sonina,870-159-7158,37-112
121,Tracee,Setchell,tsetchell3c@businesswire.com,Portugal,Arcena,136-460-9783,2615-221
122,Josselyn,Gresswood,jgresswood3d@wp.com,United States,Erie,814-455-4927,16565
123,Fionna,Henkens,fhenkens3e@4shared.com,United States,Buffalo,716-972-4301,14205
124,Asia,Follows,afollows3f@imgur.com,Poland,Osiedle-Nowiny,201-106-4565,93-154
125,Hermione,Tyrrell,htyrrell3g@npr.org,United States,Dallas,972-900-8324,75236
126,George,Deek,gdeek3h@ask.com,France,Marseille,535-739-5822,13219 CEDEX 02
127,Michel,Flott,mflott3i@de.vu,Poland,Owczarnia,448-389-9820,05-824
128,Allister,Giamo,agiamo3j@technorati.com,France,Sotteville-lès-Rouen,758-793-7657,76304 CEDEX
129,Basile,Zamboniari,bzamboniari3k@behance.net,Poland,Łomża,317-662-0227,18-404
130,Nonna,Longcake,nlongcake3l@google.co.uk,France,Clermont-Ferrand,715-234-8010,63964 CEDEX 9
131,Hymie,Roon,hroon3m@nba.com,Poland,Mosty,604-331-4669,84-353
132,Morganne,Siege,msiege3n@qq.com,Portugal,Requião,308-289-3081,4770-431
133,Trula,Easson,teasson3o@nasa.gov,United States,Chattanooga,423-506-9450,37410
134,Virgie,Leyman,vleyman3p@java.com,Portugal,Sampaio,155-749-1912,2970-137
135,Andy,Coneau,aconeau3q@salon.com,United States,Honolulu,808-606-8074,96825
136,Bret,Povlsen,bpovlsen3r@google.com,Poland,Lewin Kłodzki,907-232-5836,57-343
137,Roland,Godley,rgodley3s@bbc.co.uk,Luxembourg,Schengen,244-271-6109,L-5445
138,Max,Geggus,mgeggus3t@goo.ne.jp,France,Paris 07,751-601-8778,75326 CEDEX 07
139,Nannette,Codman,ncodman3u@seesaa.net,France,Vernon,286-151-3005,27204 CEDEX
140,Reade,Signe,rsigne3v@themeforest.net,Croatia,Vuka,276-159-9387,31403
141,Fin,Christene,fchristene3w@storify.com,United States,Colorado Springs,719-960-6000,80905
142,Tailor,Kubach,tkubach3x@foxnews.com,France,Neuilly-sur-Seine,988-672-1487,92521 CEDEX
143,Catharine,Prandy,cprandy3y@cmu.edu,Portugal,Sarilhos Grandes,588-329-3040,2870-514
144,Alexis,Thirwell,athirwell3z@yahoo.co.jp,Canada,Kirkland,387-745-6563,H9J
145,Harley,Smout,hsmout40@bloomberg.com,Portugal,Fajões,215-995-7278,3700-660
146,Casey,Bizley,cbizley41@altervista.org,Portugal,Granja,414-965-8588,2425-009
147,Celestyn,Thay,cthay42@theglobeandmail.com,United States,Fresno,559-590-9914,93773
148,Vicky,Syder,vsyder43@amazon.co.uk,Canada,Barrhead,547-870-5395,T7N
149,Flory,Graffin,fgraffin44@gravatar.com,France,Moret-sur-Loing,230-569-5553,77815 CEDEX
150,Mady,Sahnow,msahnow45@xrea.com,Canada,Princeton,557-732-2699,V6V
151,Viole,Whithalgh,vwhithalgh46@virginia.edu,Tunisia,Carthage,758-600-5367,
152,Brandice,Fried,bfried47@earthlink.net,Canada,Fox Creek,142-186-1472,E4B
153,Ladonna,Mudge,lmudge48@msn.com,Portugal,Zouparria do Monte,324-887-6414,3020-895
154,Erick,Ballin,eballin49@altervista.org,France,Saint-Brieuc,122-510-3832,22042 CEDEX 2
155,Kelsi,Lope,klope4a@wix.com,United States,Toledo,419-320-7067,43666
156,Myrle,McPeeters,mmcpeeters4b@scribd.com,Canada,Invermere,887-780-3283,J1K
157,Corney,Hutcheon,chutcheon4c@simplemachines.org,France,Metz,468-682-6088,57032 CEDEX 01
158,Barnard,Boobyer,bboobyer4d@spotify.com,United States,Chicago,773-103-5077,60652
159,Tomaso,Twinn,ttwinn4e@wikispaces.com,Poland,Dukla,554-642-1714,38-450
160,Cornelius,Haborn,chaborn4f@bing.com,Croatia,Špišić-Bukovica,818-376-8082,33405
161,Cyndie,Stonier,cstonier4g@rakuten.co.jp,France,Paris 01,966-961-8719,75038 CEDEX 01
162,Anallise,Guy,aguy4h@smh.com.au,United States,Roanoke,540-215-9205,24048
163,Anabal,Waistell,awaistell4i@va.gov,France,Strasbourg,940-974-6572,67080 CEDEX
164,Serena,Castagnone,scastagnone4j@cmu.edu,France,Blois,368-633-1726,41976 CEDEX 9
165,Morie,McCathy,mmccathy4k@statcounter.com,Portugal,Boavista,887-943-7301,5030-304
166,Leonerd,Coole,lcoole4l@intel.com,Portugal,Eido,256-297-2324,4600-596
167,Dael,Gordon,dgordon4m@businessinsider.com,Canada,Kamloops,632-817-5909,H9P
168,Thatch,Fraulo,tfraulo4n@imgur.com,Germany,Nürnberg,598-784-4480,90411
169,Giulietta,Gerbi,ggerbi4o@chronoengine.com,Portugal,São Miguel do Rio Torto,147-610-6010,2205-554
170,Jamie,Treadgold,jtreadgold4p@hao123.com,France,Guyancourt,219-977-8765,78280
171,Bobby,Morling,bmorling4q@sciencedirect.com,France,Rennes,298-224-0510,35047 CEDEX 9
172,Phebe,Dunklee,pdunklee4r@friendfeed.com,Spain,Badajoz,101-260-9224,06005
173,Justino,McGowan,jmcgowan4s@ucsd.edu,France,Compiègne,976-557-8800,60204 CEDEX
174,Karol,Ballay,kballay4t@parallels.com,France,Berck,625-255-0773,62604 CEDEX
175,Harp,Cottis,hcottis4u@nydailynews.com,Poland,Prażmów,686-401-2012,80-893
176,Filberte,Robshaw,frobshaw4v@engadget.com,Poland,Stegna,610-584-7144,82-103
177,Bobine,Chattell,bchattell4w@livejournal.com,France,Ivry-sur-Seine,352-299-7381,94209 CEDEX
178,Sigvard,Paulus,spaulus4x@360.cn,France,Paris 18,123-387-2917,75863 CEDEX 18
179,Jennilee,Caple,jcaple4y@twitter.com,United Kingdom,Linton,953-633-6813,BD23
180,Tripp,Reape,treape4z@cisco.com,France,Bordeaux,612-216-3735,33036 CEDEX
181,Sheri,Jeandet,sjeandet50@youtube.com,Poland,Jabłoń,397-183-5013,21-205
182,Katleen,Moseby,kmoseby51@japanpost.jp,France,Massy,334-610-7351,91881 CEDEX
183,Desiri,Nibloe,dnibloe52@shinystat.com,United States,Boston,857-848-0226,02114
184,Brigit,Hardstaff,bhardstaff53@tinyurl.com,France,Metz,601-151-8346,57016 CEDEX 01
185,Lettie,Paine,lpaine54@nature.com,France,Villeneuve-la-Garenne,866-316-8279,92398 CEDEX
186,Tildi,Nyssens,tnyssens55@weather.com,Canada,Sparwood,434-763-6289,M2J
187,Leigh,Kunkel,lkunkel56@bloglines.com,United Kingdom,Upton,981-732-0256,DN21
188,Wylma,Stambridge,wstambridge57@studiopress.com,Canada,Richibucto,130-748-1170,E4W
189,Faina,Kadar,fkadar58@vimeo.com,France,Mulhouse,560-746-3989,68092 CEDEX 2
190,Dev,Garvie,dgarvie59@cam.ac.uk,Ireland,Ballylinan,369-652-2466,P56
191,Gale,Diboll,gdiboll5a@booking.com,Croatia,Srinjine,924-760-4875,21292
192,Gerhardine,Reignard,greignard5b@phoca.cz,Ireland,Ballymahon,692-797-1195,F52
193,Inigo,Pearle,ipearle5c@accuweather.com,France,Remiremont,447-377-0959,88204 CEDEX
194,Royall,Vedenyakin,rvedenyakin5d@wp.com,Bulgaria,Bukhovo,216-625-2989,2137
195,Claiborn,Blenkinsopp,cblenkinsopp5e@pen.io,Canada,Maple Ridge,719-691-3570,V2X
196,Roberto,Stonhard,rstonhard5f@yandex.ru,France,Marne-la-Vallée,712-293-0809,77427 CEDEX 2
197,Audre,Collacombe,acollacombe5g@adobe.com,Croatia,Omišalj,827-921-9704,51513
198,Gwenette,Arnett,garnett5h@cbsnews.com,Poland,Klenica,558-217-4285,66-130
199,Hildy,Bownde,hbownde5i@sun.com,France,Agen,524-275-1634,47020 CEDEX 9
200,Audrye,Tallboy,atallboy5j@ucla.edu,France,Alès,301-380-0849,30104 CEDEX
201,Dannel,Gravatt,dgravatt5k@merriam-webster.com,Belgium,Bruxelles,531-995-6339,1050
202,Baily,Hedon,bhedon5l@gov.uk,Spain,Santander,503-763-5133,39010
203,Adolf,Seyler,aseyler5m@feedburner.com,Portugal,Canha,539-567-5621,2985-006
204,Gerianna,Baike,gbaike5n@tiny.cc,Canada,Logan Lake,597-498-9722,T3S
205,Magdaia,Lorenz,mlorenz5o@cam.ac.uk,United States,Columbus,706-825-1712,31998
206,Bryant,Knightly,bknightly5p@friendfeed.com,Morocco,Sidi Qacem,106-247-9792,
207,Krystle,Nelsen,knelsen5q@home.pl,Spain,Valladolid,197-867-9835,47071
208,Justine,Lynes,jlynes5r@google.ru,Portugal,Oleiros,477-283-5359,6160-402
209,Emmalyn,Newing,enewing5s@nsw.gov.au,Tunisia,Kasserine,490-582-4315,
210,Frederigo,Lead,flead5t@google.de,Germany,Berlin,226-281-0258,13409
211,Marijn,Jantzen,mjantzen5u@umich.edu,Portugal,Vilar do Pinheiro,433-926-5025,4485-824
212,Devland,Pellatt,dpellatt5v@theatlantic.com,Poland,Czarnocin,189-489-8028,97-318
213,Jamie,McDonell,jmcdonell5w@xrea.com,France,Paris 10,269-120-2743,75480 CEDEX 10
214,Matty,Chilver,mchilver5x@surveymonkey.com,Poland,Łaziska Górne,885-425-1337,43-173
215,Chip,Livermore,clivermore5y@seattletimes.com,France,Plaisir,753-777-2069,78379 CEDEX
216,Lisa,Bucktharp,lbucktharp5z@ehow.com,Portugal,São Sebastião,222-960-2319,4990-640
217,Marlene,Steffan,msteffan60@gnu.org,Morocco,Tangier,954-982-3521,
218,Aarika,Phlippi,aphlippi61@yolasite.com,France,Lens,887-730-2181,62335 CEDEX
219,Amelina,Calbrathe,acalbrathe62@unicef.org,Poland,Kościelec,610-165-9082,62-604
220,Ruby,Newson,rnewson63@wired.com,Portugal,Gandra,112-304-4465,4585-067
221,Vanya,Checchetelli,vchecchetelli64@geocities.jp,Poland,Kuryłówka,297-773-0623,37-303
222,Edvard,O' Mulderrig,eomulderrig65@bing.com,Poland,Siepraw,475-856-2166,32-447
223,Boyce,Leithgoe,bleithgoe66@360.cn,Portugal,Nazaré,903-433-5790,2450-104
224,Gennifer,Darnody,gdarnody67@creativecommons.org,Poland,Blizne,402-782-8706,36-221
225,Sax,Rizzardo,srizzardo68@posterous.com,Portugal,Além,555-261-6359,4560-750
226,Archibold,Smallwood,asmallwood69@scribd.com,Poland,Osiek,942-147-9285,87-340
227,Reina,Swindells,rswindells6a@slate.com,France,Lagny-sur-Marne,563-684-7338,77404 CEDEX
228,Dareen,Dauncey,ddauncey6b@yelp.com,Portugal,Moita da Roda,595-473-4062,2425-839
229,Bren,Ayres,bayres6c@pagesperso-orange.fr,Poland,Złota,559-362-0617,32-859
230,Maxi,Kirtlan,mkirtlan6d@sfgate.com,France,Valenciennes,953-675-2084,59304 CEDEX
231,Waverly,Franzini,wfranzini6e@desdev.cn,France,Juvisy-sur-Orge,737-232-8673,91265 CEDEX
232,Faustina,Fosten,ffosten6f@cornell.edu,Tunisia,Majāz al Bāb,720-716-0393,
233,Royce,Havercroft,rhavercroft6g@whitehouse.gov,France,Le Mans,424-527-3561,72029 CEDEX 2
234,Mahalia,D'Adda,mdadda6h@usa.gov,Portugal,Torres Vedras,768-769-3491,2560-234
235,Berkie,Sweetlove,bsweetlove6i@latimes.com,Portugal,Vale das Mós,174-510-5696,2205-806
236,Rosco,Howlings,rhowlings6j@hexun.com,Poland,Józefów,646-568-9848,24-340
237,Rose,Dudney,rdudney6k@cargocollective.com,Netherlands,Drachten,558-154-5037,9204
238,Obie,Keson,okeson6l@slideshare.net,Tunisia,El Jem,253-753-1600,
239,Ronica,Callaway,rcallaway6m@studiopress.com,Canada,Saint-Bruno-de-Guigues,796-659-6915,G6B
240,Elinore,Troy,etroy6n@php.net,Netherlands,Bussum,269-661-2841,1404
241,Aggy,Dillamore,adillamore6o@aboutads.info,United States,Washington,202-750-5042,20088
242,Ynes,Dodwell,ydodwell6p@marketwatch.com,Poland,Połaniec,935-815-4890,28-230
243,Sheffie,McLorinan,smclorinan6q@naver.com,United States,Sacramento,916-123-0318,94291
244,Sylvia,Ramlot,sramlot6r@ycombinator.com,United States,San Jose,408-168-3495,95123
245,Ronald,Zannolli,rzannolli6s@mysql.com,France,Palaiseau,779-122-3869,91124 CEDEX
246,Nicolle,Chartman,nchartman6t@instagram.com,Bulgaria,Asenovgrad,538-492-3215,4219
247,Tonie,Aizikovitch,taizikovitch6u@smh.com.au,France,Issoire,939-131-3772,63504 CEDEX
248,Arlen,Baudassi,abaudassi6v@apple.com,United States,Des Moines,515-489-3681,50393
249,Elia,Josilowski,ejosilowski6w@drupal.org,Poland,Bralin,490-356-1462,63-640
250,Jemima,Stanner,jstanner6x@prnewswire.com,United States,Tulsa,918-680-2168,74116
251,Jacquie,Brane,jbrane6y@npr.org,Canada,Coquitlam,922-949-4717,V3B
252,Nikolos,Hackelton,nhackelton6z@flickr.com,Germany,München,466-641-9171,80686
253,Dell,Tyght,dtyght70@businessinsider.com,Poland,Stegna,445-953-7288,82-103
254,Artemis,Wardingly,awardingly71@jiathis.com,Portugal,Meirinhas,542-100-8697,3105-222
255,Roderigo,Burgot,rburgot72@craigslist.org,Canada,Martensville,620-136-2528,L3R
256,Rosaline,Guerner,rguerner73@cbslocal.com,Poland,Głubczyce,939-354-6192,48-100
257,Inez,Pinnock,ipinnock74@ning.com,Canada,Ladysmith,725-785-6769,V9G
258,Windy,Spong,wspong75@hubpages.com,Germany,Bonn,705-398-6756,53129
259,Gusty,Branston,gbranston76@jiathis.com,Portugal,Malpique,983-282-9634,2250-325
260,Lazar,Eitter,leitter77@privacy.gov.au,Poland,Tarnawatka,676-927-6774,22-604
261,Lilly,Klulisek,lklulisek78@chicagotribune.com,France,Montpellier,827-349-8861,34186 CEDEX 4
262,Guenevere,Mather,gmather79@fda.gov,Poland,Nowe Grocholice,984-974-9882,05-850
263,Gianina,Dunan,gdunan7a@craigslist.org,Morocco,Hassi Berkane,788-562-7547,
264,Chris,Labrom,clabrom7b@parallels.com,France,Salon-de-Provence,411-245-5971,13654 CEDEX
265,Cecile,Estcot,cestcot7c@odnoklassniki.ru,Netherlands,'s-Hertogenbosch,323-716-8294,5224
266,Cassius,Whitelaw,cwhitelaw7d@microsoft.com,Portugal,Ermida,650-699-5865,3070-125
267,Federico,Bolton,fbolton7e@indiatimes.com,Poland,Ochojno,612-792-9048,60-222
268,Emory,Grassick,egrassick7f@barnesandnoble.com,Portugal,Pinhal General,559-941-0902,2865-193
269,Welsh,Blanket,wblanket7g@nsw.gov.au,Germany,Solingen,429-173-5821,42659
270,Aileen,Plowell,aplowell7h@themeforest.net,France,Sainte-Geneviève-des-Bois,668-851-7311,91709 CEDEX
271,Aggie,Cranfield,acranfield7i@cbsnews.com,Portugal,Vila Nova,777-219-8590,5445-072
272,Kylila,Spinozzi,kspinozzi7j@usnews.com,France,Orléans,946-804-7221,45969 CEDEX 9
273,Hyacinthe,Burbury,hburbury7k@yandex.ru,Italy,Laspezia,410-774-5454,19139
274,Myrle,Yeell,myeell7l@dyndns.org,United States,Charleston,843-329-2777,29424
275,Wallache,Broun,wbroun7m@uiuc.edu,Portugal,Verba,276-324-9705,3810-600
276,Liza,Lackey,llackey7n@pbs.org,France,Royan,811-245-0057,17209 CEDEX
277,Ruben,Snazel,rsnazel7o@pagesperso-orange.fr,Poland,Bojszowy Nowe,334-267-4749,43-220
278,Flossie,Easterby,feasterby7p@tripadvisor.com,Poland,Świebodzice,175-500-2855,58-163
279,Mariellen,Lygoe,mlygoe7q@hud.gov,Canada,Arnprior,929-288-0523,K7S
280,Milton,Longhirst,mlonghirst7r@angelfire.com,Poland,Ostaszewo,215-462-5655,82-112
281,Polly,Jiroudek,pjiroudek7s@photobucket.com,United States,Macon,478-408-4738,31205
282,Leyla,Pumfrey,lpumfrey7t@patch.com,Netherlands,Dordrecht,782-621-2228,3319
283,Corrianne,Schaffler,cschaffler7u@blogger.com,Portugal,Tabuaço,256-666-4067,5120-384
284,Alwin,Hughes,ahughes7v@scribd.com,United States,Lubbock,806-164-8871,79491
285,Alvie,Baigrie,abaigrie7w@slate.com,Poland,Janowice,503-280-7247,33-115
286,Eldridge,Moan,emoan7x@virginia.edu,France,Pont-à-Mousson,179-512-6646,54704 CEDEX
287,Waring,Tubble,wtubble7y@paypal.com,Germany,Nürnberg,312-447-7852,90411
288,Arlyn,de'-Ancy Willis,adeancywillis7z@umn.edu,Portugal,Estoi,170-924-2064,8005-453
289,Terrance,Manhare,tmanhare80@nih.gov,Croatia,Bistrinci,324-872-0204,31551
290,Chaddie,Larcher,clarcher81@prnewswire.com,Poland,Jastrowie,131-550-6387,64-915
291,Ranna,Gypps,rgypps82@hc360.com,Portugal,Arroteia,329-842-3701,4940-342
292,Fraze,Woofenden,fwoofenden83@51.la,Portugal,Penalva de Alva,136-886-7675,3400-548
293,Harold,Keirle,hkeirle84@soup.io,United States,San Bernardino,760-719-3355,92415
294,Sebastien,Meneghi,smeneghi85@narod.ru,Canada,Alma,690-237-7658,N6J
295,Rachele,Sidwell,rsidwell86@bluehost.com,Canada,Nicolet,527-690-5672,J3T
296,Andy,Cotherill,acotherill87@icq.com,Luxembourg,Boulaide,112-896-3902,L-9640
297,Parry,Garrould,pgarrould88@shutterfly.com,France,Reims,855-187-2199,51074 CEDEX
298,Lindi,Odlin,lodlin89@bluehost.com,Poland,Górki Wielkie,591-337-5400,43-436
299,Kaela,Behr,kbehr8a@domainmarket.com,Canada,Port Hawkesbury,758-567-5677,B9A
300,Wendall,Callow,wcallow8b@walmart.com,Poland,Kudowa-Zdrój,931-802-0996,75-136
301,Griffin,Wright,gwright8c@oakley.com,France,Tours,423-686-9687,37044 CEDEX 9
302,Rosina,Weson,rweson8d@gizmodo.com,United States,Tampa,813-339-1838,33615
303,Amaleta,Gravell,agravell8e@etsy.com,Poland,Opatówek,227-472-2188,62-860
304,Obadias,Humm,ohumm8f@yelp.com,Spain,Girona,321-632-3871,17080
305,Bancroft,Bushel,bbushel8g@statcounter.com,Poland,Hyżne,941-815-7620,36-067
306,Corbet,Caple,ccaple8h@google.co.jp,Germany,Bochum,966-406-2228,44869
307,Sari,Lazare,slazare8i@vistaprint.com,France,Chartres,319-975-4123,28009 CEDEX
308,Ezekiel,Pankethman,epankethman8j@mozilla.com,Poland,Gromnik,644-502-6913,33-180
309,Patin,Laffoley-Lane,plaffoleylane8k@mapy.cz,Poland,Dębno,198-670-4234,74-400
310,Carr,Smurfit,csmurfit8l@gov.uk,Canada,North Perth,194-615-4523,E6J
311,Lonnard,Amesbury,lamesbury8m@a8.net,Poland,Zbąszynek,683-360-0519,66-210
312,Adeline,Belf,abelf8n@cam.ac.uk,France,Reims,975-668-7960,51715 CEDEX
313,Sonnie,Rewbottom,srewbottom8o@amazon.com,Portugal,Vila Franca do Campo,277-777-3346,9680-105
314,Henryetta,Natte,hnatte8p@comcast.net,Poland,Ryjewo,465-987-8124,82-420
315,Alvinia,Boast,aboast8q@ask.com,Bulgaria,Blagoevgrad,476-701-9034,2729
316,Luise,Chinnick,lchinnick8r@sun.com,Poland,Nidek,201-841-4788,43-354
317,Malvin,Soden,msoden8s@seesaa.net,Poland,Chlewiska,386-567-2065,26-510
318,Binky,Negal,bnegal8t@slashdot.org,United States,Albany,518-701-5459,12210
319,Milt,Jacmar,mjacmar8u@japanpost.jp,Poland,Szczytno,904-460-7882,12-102
320,Tymothy,Jenk,tjenk8v@answers.com,Poland,Mokotów,984-812-1440,05-090
321,Finn,Dregan,fdregan8w@businesswire.com,United States,Aurora,303-420-0127,80045
322,Mil,Matusson,mmatusson8x@omniture.com,France,Villeneuve-lès-Avignon,161-696-5281,30404 CEDEX
323,Johann,Balbeck,jbalbeck8y@bbb.org,Canada,L'Île-Perrot,706-134-0473,H9X
324,Walker,Corps,wcorps8z@twitpic.com,Portugal,Abóboda,198-472-4129,2785-019
325,Rosalia,Coils,rcoils90@google.it,Bulgaria,Strazhitsa,520-583-5945,5179
326,Jimmie,Jiroudek,jjiroudek91@google.de,Spain,Vitoria-Gasteiz,393-867-5326,01005
327,Barnabas,Axtonne,baxtonne92@clickbank.net,Portugal,Ribeira,168-481-9584,3360-257
328,Tyrone,Crotty,tcrotty93@amazon.co.uk,Italy,Roma,204-232-3159,00185
329,Florenza,Eixenberger,feixenberger94@1688.com,Canada,Saint John,401-945-8004,E2L
330,Ianthe,Koubek,ikoubek95@nhs.uk,France,Nice,711-389-2075,06182 CEDEX 2
331,Armando,Sallis,asallis96@diigo.com,France,Mont-de-Marsan,684-977-3502,40025 CEDEX
332,Garrott,Wolland,gwolland97@sphinn.com,Portugal,Valinhos,509-462-6059,4580-389
333,Clayson,Eastby,ceastby98@fema.gov,Poland,Żurowa,976-408-2514,38-323
334,Corty,Hulcoop,chulcoop99@rediff.com,United States,Chicago,312-657-6787,60619
335,Filmer,Yeoman,fyeoman9a@yale.edu,United States,Shawnee Mission,816-492-3277,66205
336,Lyon,Bushen,lbushen9b@cmu.edu,Bulgaria,Gotse Delchev,222-573-0161,2971
337,Janetta,Giacometti,jgiacometti9c@php.net,Croatia,Jankomir,590-900-1087,10255
338,Bendix,Blackhall,bblackhall9d@lulu.com,France,Nantes,419-990-4722,44335 CEDEX 3
339,Parke,Binder,pbinder9e@japanpost.jp,Portugal,Charneca da Cotovia,996-436-5337,2970-833
340,Ogdan,Korpal,okorpal9f@go.com,Poland,Grybów,277-469-9474,33-330
341,Luther,McKenna,lmckenna9g@posterous.com,Bulgaria,Berkovitsa,194-402-4047,3500
342,Rudy,Clotworthy,rclotworthy9h@ebay.com,United States,Conroe,936-155-3341,77305
343,Vance,Orthmann,vorthmann9i@wikispaces.com,Netherlands,'s-Hertogenbosch,880-736-3247,5234
344,Kiley,Corbyn,kcorbyn9j@unblog.fr,Poland,Sidzina,778-640-3073,34-236
345,Avigdor,Howells,ahowells9k@dell.com,Portugal,Parchal,872-520-7639,8400-603
346,Catarina,Fossitt,cfossitt9l@moonfruit.com,Portugal,Souto da Casa,633-540-1680,6230-689
347,Grover,Duckhouse,gduckhouse9m@patch.com,Poland,Głuchołazy,528-185-4986,48-340
348,Arte,Bridat,abridat9n@hibu.com,Portugal,Alcaria da Serra,734-368-8753,7960-115
349,Cherlyn,Cherrison,ccherrison9o@tmall.com,United States,Simi Valley,805-882-0531,93094
350,Olenka,Isoldi,oisoldi9p@marketwatch.com,Poland,Bąków,439-601-5948,46-233
351,Arney,McCombe,amccombe9q@ftc.gov,Croatia,Plaški,840-839-3224,47304
352,Pen,Renzo,prenzo9r@netscape.com,Poland,Przyborów,339-894-3234,80-867
353,Ignace,Gurwood,igurwood9s@biblegateway.com,Portugal,Foz Giraldo,912-791-1534,6185-255
354,Tadio,Stendall,tstendall9t@wunderground.com,Poland,Wiśniewo,744-335-4554,06-521
355,Yelena,Vye,yvye9u@cornell.edu,France,Ancenis,650-487-3330,44159 CEDEX
356,Hermine,Spurett,hspurett9v@prweb.com,France,Gardanne,364-276-5563,13548 CEDEX
357,Melinde,Gerish,mgerish9w@newsvine.com,Netherlands,Maastricht,894-764-0316,6214
358,Joice,Bath,jbath9x@msn.com,France,Paris La Défense,313-242-4335,92041 CEDEX
359,Ali,Cordon,acordon9y@phoca.cz,France,Istres,174-795-1208,13807 CEDEX
360,Aurea,Trunkfield,atrunkfield9z@aboutads.info,Croatia,Zadvorsko,835-502-2474,10257
361,Murdoch,Strahan,mstrahana0@ted.com,France,Nantes,460-417-9624,44302 CEDEX 3
362,Araldo,Lessmare,alessmarea1@home.pl,Poland,Jawornik Polski,453-651-6440,37-232
363,Angeli,Mahy,amahya2@jalbum.net,Tunisia,Nefta,296-752-2009,
364,Ruddy,Roads,rroadsa3@fotki.com,United States,Albuquerque,505-785-0906,87105
365,Pru,Kareman,pkaremana4@hubpages.com,Morocco,Rislane,781-298-0692,
366,Nefen,Crumbleholme,ncrumbleholmea5@reuters.com,Poland,Borzęcin,927-171-2022,32-825
367,Barry,Gard,bgarda6@shutterfly.com,France,Dijon,348-833-3119,21900 CEDEX 9
368,Jaine,Gaish,jgaisha7@mayoclinic.com,France,Vaulx-en-Velin,416-513-7742,69519 CEDEX
369,Wenonah,Woodier,wwoodiera8@mtv.com,France,Montauban,471-955-0242,82004 CEDEX
370,Corrie,McRonald,cmcronalda9@livejournal.com,United States,Kansas City,913-218-5929,66160
371,Matilde,Mucklo,mmuckloaa@a8.net,Ireland,Ashbourne,438-177-4008,A84
372,Seline,Roger,srogerab@fastcompany.com,Poland,Grębów,637-905-7824,39-410
373,Daisi,Desesquelle,ddesesquelleac@mashable.com,Netherlands,Veldhoven,498-709-2202,5509
374,Tedman,Kinge,tkingead@livejournal.com,Portugal,Figueira dos Cavaleiros,102-207-0919,7900-234
375,Carline,Wellington,cwellingtonae@tumblr.com,United Kingdom,Ford,253-267-7865,GL54
376,Alyce,Longstaffe,alongstaffeaf@bloglovin.com,Portugal,Farinheiras,493-547-5693,2840-044
377,Fanya,Kinlock,fkinlockag@altervista.org,Tunisia,Houmt Souk,490-310-3658,
378,Roth,Maxwell,rmaxwellah@businessinsider.com,France,Montbrison,810-652-2554,42604 CEDEX
379,Luci,Stothard,lstothardai@purevolume.com,Portugal,Portelinha,859-970-7164,4950-850
380,Ortensia,Housbie,ohousbieaj@un.org,Croatia,Brnaze,742-171-6761,21230
381,Mara,O'Bruen,mobruenak@rediff.com,Poland,Przasnysz,551-656-8217,06-302
382,Cam,Pickless,cpicklessal@privacy.gov.au,Poland,Syców,311-159-8441,56-500
383,Cheryl,Ewings,cewingsam@typepad.com,Canada,Rimouski,913-163-0331,G5N
384,Jocelyne,Knottley,jknottleyan@springer.com,Poland,Lipce Reymontowskie,786-868-1350,96-127
385,Hoyt,Doog,hdoogao@fc2.com,France,Saint-Claude,492-587-0899,39209 CEDEX
386,Carena,Margaritelli,cmargaritelliap@wiley.com,Croatia,Lučko,223-599-4048,10250
387,Eleanora,McLurg,emclurgaq@shinystat.com,Poland,Podedwórze,158-269-9621,21-222
388,Fred,Stonner,fstonnerar@senate.gov,Poland,Unisław,137-177-3573,86-260
389,Imogene,Rizzardini,irizzardinias@odnoklassniki.ru,United States,Chicago,312-676-1225,60609
390,Correna,Kundert,ckundertat@1688.com,Bulgaria,Burgas,959-975-2310,8000
391,Stillman,Wingeat,swingeatau@goodreads.com,Canada,Chester,949-759-2905,N9A
392,Fanchon,Chable,fchableav@mozilla.org,Bulgaria,Lesichevo,941-363-1268,4465
393,Alwin,Joret,ajoretaw@blogs.com,Benin,Tanguiéta,243-981-5479,
394,Erl,Godspede,egodspedeax@free.fr,Portugal,Pedroso,690-677-9797,4415-092
395,Nickolas,MacHoste,nmachosteay@japanpost.jp,Tunisia,Al Metlaoui,674-323-8325,
396,Libbey,Beesley,lbeesleyaz@trellian.com,United States,Saint Louis,314-506-7602,63104
397,Tersina,Diggell,tdiggellb0@icq.com,France,Mérignac,641-895-4510,33699 CEDEX
398,Aymer,Radden,araddenb1@nsw.gov.au,France,Ajaccio,824-577-8399,20184 CEDEX 1
399,Hetty,Robbeke,hrobbekeb2@toplist.cz,Portugal,Caldas da Rainha,578-700-9386,2500-070
400,Eric,Keirl,ekeirlb3@dot.gov,Poland,Kołbiel,801-786-7910,05-340
401,Xylia,Wylder,xwylderb4@ezinearticles.com,Netherlands,Apeldoorn,650-472-9003,7319
402,Patti,Dolbey,pdolbeyb5@slideshare.net,United States,Jamaica,212-757-1892,11480
403,Keefe,McGeachey,kmcgeacheyb6@ucoz.ru,Poland,Słubice,112-695-2728,69-101
404,Tyrus,Pettitt,tpettittb7@indiegogo.com,Poland,Siepraw,865-804-3201,32-447
405,Nelia,Kermeen,nkermeenb8@umn.edu,Croatia,Garešnica,902-159-1299,43280
406,Bernadine,Pountain,bpountainb9@mediafire.com,Poland,Żarki,622-329-4863,42-310
407,Tim,Bowyer,tbowyerba@nationalgeographic.com,United States,Springfield,417-125-7137,65898
408,Flori,Ruberry,fruberrybb@deliciousdays.com,Poland,Namysłów,708-331-8347,46-100
409,Dani,Heggman,dheggmanbc@rambler.ru,Ireland,Kinsale,209-513-2868,P17
410,Alberta,Portlock,aportlockbd@is.gd,Portugal,Leomil,107-939-6137,3620-165
411,Sileas,Smiths,ssmithsbe@skype.com,France,Lille,495-434-8548,59002 CEDEX
412,Delbert,Le feaver,dlefeaverbf@i2i.jp,United States,Reno,775-666-4901,89519
413,Davine,Erwin,derwinbg@springer.com,Ireland,Ballina,685-321-7202,F26
414,Roderic,Macbane,rmacbanebh@sina.com.cn,Poland,Orneta,979-982-4694,11-130
415,Tildi,Fitzsimmons,tfitzsimmonsbi@yelp.com,Canada,Oromocto,489-439-0158,E2V
416,Nicki,Sasser,nsasserbj@globo.com,Bulgaria,Batanovtsi,894-435-0187,2356
417,Filippa,Leversuch,fleversuchbk@i2i.jp,Morocco,Bigoudine,487-992-3452,
418,Marjory,Garralts,mgarraltsbl@slashdot.org,Poland,Regulice,130-760-8114,33-164
419,Quint,Gillean,qgilleanbm@mayoclinic.com,Poland,Grzmiąca,480-168-6341,78-450
420,Ivory,Bedrosian,ibedrosianbn@time.com,Portugal,Alhos Vedros,487-999-0664,2860-010
421,Mirabel,Heggadon,mheggadonbo@blogs.com,United States,Atlanta,770-601-1409,30316
422,Ade,Verny,avernybp@cam.ac.uk,Ireland,Malahide,136-620-7694,K36
423,Glenda,Doull,gdoullbq@ucoz.ru,Poland,Cielmice,104-413-7997,43-215
424,Lonee,McKimm,lmckimmbr@sohu.com,Portugal,Padre Nabeto,240-762-1128,2950-107
425,Karlie,Moyser,kmoyserbs@slate.com,Bulgaria,Omurtag,965-357-8048,7945
426,Brenn,Utridge,butridgebt@behance.net,Senegal,Mbaké,978-539-3159,
427,Dulcia,Pennazzi,dpennazzibu@yale.edu,United Kingdom,Twyford,798-856-5586,LE14
428,Mitchell,Bellis,mbellisbv@flickr.com,Portugal,Maganha,299-872-6733,4785-650
429,Darill,Brehault,dbrehaultbw@mtv.com,France,Aix-en-Provence,779-753-5192,13540
430,Maybelle,Gant,mgantbx@samsung.com,Netherlands,Emmen,475-171-1157,7824
431,Leann,Nalder,lnalderby@liveinternet.ru,United States,Fresno,209-921-4658,93704
432,Washington,Nairns,wnairnsbz@google.fr,France,Paris 15,522-159-5195,75712 CEDEX 15
433,Bernette,Aspinwall,baspinwallc0@icio.us,Ireland,Dunmanway,575-424-5778,P47
434,Lusa,Sealy,lsealyc1@shop-pro.jp,Tunisia,Banī Ḩassān,437-311-9160,
435,Kaitlynn,Dziwisz,kdziwiszc2@indiatimes.com,United States,Virginia Beach,757-933-3642,23454
436,Konstantine,Dietmar,kdietmarc3@hc360.com,United States,Santa Fe,505-627-3425,87505
437,Wesley,Churchley,wchurchleyc4@ifeng.com,Poland,Komorniki,961-233-9145,62-056
438,Carlie,Aiskovitch,caiskovitchc5@netscape.com,United States,Saint Louis,314-604-1105,63143
439,Schuyler,Gillett,sgillettc6@home.pl,France,Paris 14,915-643-2200,75675 CEDEX 14
440,Jamey,Whitchurch,jwhitchurchc7@chron.com,Portugal,Murça,631-483-5006,5090-105
441,Star,Pardi,spardic8@apache.org,Croatia,Vodnjan,146-313-2053,52215
442,Bobinette,Kolakowski,bkolakowskic9@reference.com,France,Arras,515-240-6350,62010 CEDEX
443,Matteo,Roxby,mroxbyca@google.nl,Poland,Leńcze,749-390-1222,34-142
444,Denver,Filipovic,dfilipoviccb@rediff.com,Spain,Jaen,382-886-1913,23005
445,Antonella,Philpotts,aphilpottscc@wordpress.org,Poland,Stronie,493-453-8423,34-145
446,Liva,Skill,lskillcd@nhs.uk,Poland,Boronów,869-127-2876,42-283
447,Thane,Harm,tharmce@boston.com,France,Orléans,576-799-9498,45933 CEDEX 9
448,Shell,Djurisic,sdjurisiccf@soundcloud.com,Tunisia,La Mohammedia,992-682-4595,
449,Addie,Kordt,akordtcg@xinhuanet.com,Morocco,Sidi Lamine,443-630-0046,
450,Brinna,Dellenbrok,bdellenbrokch@apple.com,United States,San Diego,619-626-8999,92165
451,Hildy,Gilhool,hgilhoolci@hostgator.com,Portugal,Fontainhas,514-290-4342,2435-553
452,Aurilia,Churches,achurchescj@nationalgeographic.com,Poland,Polanka Wielka,449-294-5439,32-607
453,Adora,Cotelard,acotelardck@geocities.jp,United States,Indianapolis,317-838-4997,46202
454,Inglis,Kail,ikailcl@drupal.org,United States,Norfolk,757-871-6007,23504
455,Janeen,Comsty,jcomstycm@shop-pro.jp,Portugal,Riachos,696-444-7563,2350-323
456,Hedwig,Layfield,hlayfieldcn@linkedin.com,Portugal,Agrela,758-878-7623,4580-245
457,Douglass,Durie,ddurieco@free.fr,Portugal,Verba,167-256-8522,3810-600
458,Deborah,Neeve,dneevecp@dot.gov,United States,San Jose,408-121-7694,95123
459,Gae,Heephy,gheephycq@chronoengine.com,Portugal,São Bartolomeu,429-387-6975,9700-505
460,Creighton,St Leger,cstlegercr@jiathis.com,Croatia,Opuzen,244-703-3180,20355
461,Jade,St. Paul,jstpaulcs@mac.com,Portugal,São João,788-676-2985,4890-484
462,Pen,Ovett,povettct@sphinn.com,Poland,Olesno,631-828-2927,46-300
463,Timothy,List,tlistcu@blogtalkradio.com,Portugal,Orvalho,622-724-2186,6185-302
464,Skipper,Wadie,swadiecv@va.gov,France,Wissembourg,840-751-7197,67165 CEDEX
465,Barn,Fellon,bfelloncw@goo.ne.jp,Poland,Glinojeck,763-543-0403,06-450
466,Sharl,Saywell,ssaywellcx@geocities.com,France,Gaillac,899-662-2550,81604 CEDEX
467,Georgetta,Robinette,grobinettecy@telegraph.co.uk,France,Lens,606-491-6392,62335 CEDEX
468,Gabriela,Comelini,gcomelinicz@dion.ne.jp,Poland,Kramarzówka,229-964-0753,37-560
469,Frederica,Purcell,fpurcelld0@tuttocitta.it,France,Dijon,619-468-6424,21019 CEDEX
470,Suki,Viscovi,sviscovid1@jigsy.com,Poland,Błażowa,270-164-8474,36-030
471,Orlan,Treversh,otrevershd2@wsj.com,France,Paris 12,607-913-1714,75582 CEDEX 12
472,Sidnee,Boyes,sboyesd3@cargocollective.com,Portugal,Coja,612-108-4932,3305-096
473,Onida,Pretty,oprettyd4@apache.org,Italy,Napoli,181-483-2294,80141
474,Alfreda,De Paoli,adepaolid5@cnbc.com,France,Aix-les-Bains,643-545-6986,73104 CEDEX
475,Phillip,Astlatt,pastlattd6@about.me,Portugal,Torre,241-496-6797,5050-345
476,Cathi,Henzley,chenzleyd7@xing.com,France,Puget-sur-Argens,726-206-4550,83484 CEDEX
477,Rennie,Pillman,rpillmand8@marketwatch.com,France,Castres,220-184-7365,81109 CEDEX
478,Adah,Handman,ahandmand9@ucsd.edu,Poland,Chotcza,370-337-0949,81-035
479,Patrizia,MacGarvey,pmacgarveyda@google.pl,United Kingdom,Newbiggin,384-685-7498,NE46
480,Alister,Arundell,aarundelldb@samsung.com,Canada,Pilot Butte,150-406-2126,N8M
481,Thekla,Chinnock,tchinnockdc@amazon.com,Poland,Grębków,263-980-1225,07-110
482,Layton,Mapston,lmapstondd@wsj.com,Portugal,São Paio de Gramaços,531-873-1073,3400-696
483,Alisa,Climie,aclimiede@paypal.com,Portugal,Mosteiros,869-144-3360,9555-145
484,Price,Masterson,pmastersondf@yellowbook.com,Croatia,Senj,223-528-7082,53270
485,Jacob,Goundrill,jgoundrilldg@w3.org,France,Nantes,909-297-8407,44004 CEDEX 1
486,Rodney,Kleinhausen,rkleinhausendh@mozilla.com,United States,Warren,330-341-3332,44485
487,Jedidiah,Cuel,jcueldi@yahoo.co.jp,Poland,Osieczna,109-440-7132,83-242
488,Calvin,Casaccio,ccasacciodj@ow.ly,France,Cergy-Pontoise,264-764-4147,95809 CEDEX
489,Piper,Guilbert,pguilbertdk@tiny.cc,Croatia,Domašinec,690-504-6223,40318
490,Ricca,Crunkhurn,rcrunkhurndl@blogs.com,France,Istres,611-580-5408,13802 CEDEX
491,Rubin,Baskerville,rbaskervilledm@51.la,Croatia,Pitomača,907-117-4740,33405
492,Pier,Delucia,pdeluciadn@dyndns.org,France,Orsay,466-129-9207,91851 CEDEX
493,Irena,Staniforth,istaniforthdo@si.edu,Poland,Bobolice,644-898-0890,76-020
494,Garrick,Eggar,geggardp@rediff.com,Poland,Wydminy,219-796-8667,11-510
495,Genna,Waby,gwabydq@vk.com,Portugal,Mem Martins,240-535-3179,2725-094
496,Jacob,Reuven,jreuvendr@newsvine.com,Portugal,Gondifelos,313-151-2184,4760-490
497,Deni,Rodolfi,drodolfids@disqus.com,Canada,Sylvan Lake,308-261-3584,T4S
498,Doralyn,Stote,dstotedt@bluehost.com,Poland,Osiedle-Nowiny,242-941-9448,93-154
499,Pepillo,Fort,pfortdu@europa.eu,Poland,Jawornik,650-450-3302,38-112
500,Cory,Weed,cweeddv@sciencedirect.com,Portugal,Chão de Couce,647-546-8468,3240-466
501,Samuel,Rosthorn,srosthorndw@zdnet.com,Portugal,Ajuda,853-282-8123,9545-015
502,Sherlock,Chislett,schislettdx@123-reg.co.uk,Poland,Murowana Goślina,494-988-4270,62-096
503,Nicolas,Neve,nnevedy@discovery.com,Portugal,Carrazeda de Ansiães,923-144-4734,5140-058
504,Sidoney,Siward,ssiwarddz@twitpic.com,Canada,Meadow Lake,720-472-6289,S9X
505,Andreas,Heijnen,aheijnene0@google.fr,France,Angers,372-623-7373,49010 CEDEX 01
506,Hakim,McCrorie,hmccroriee1@hexun.com,Italy,Bologna,529-267-1059,40141
507,Bern,Linturn,blinturne2@house.gov,Canada,Vulcan,933-186-4203,V6M
508,Mollie,Borne,mbornee3@slideshare.net,Poland,Brody,622-124-2239,68-343
509,Ronnie,Krzysztof,rkrzysztofe4@biglobe.ne.jp,Canada,Ladner,278-866-7425,V7A
510,Gardy,Gilby,ggilbye5@examiner.com,Portugal,Brejoeira,997-422-6484,2860-310
511,Eda,McGiffie,emcgiffiee6@weebly.com,Portugal,Ermidas do Sado,564-824-5163,7565-205
512,Jodie,Woolen,jwoolene7@tamu.edu,Poland,Lewin Kłodzki,106-273-0773,57-343
513,Josephina,Carder,jcardere8@fastcompany.com,Croatia,Ferdinandovac,631-152-1601,48356
514,Sherill,Fagence,sfagencee9@ed.gov,Poland,Czerniewice,776-405-4321,97-216
515,Rycca,Canadine,rcanadineea@seattletimes.com,Canada,Stony Plain,791-162-7729,T7Z
516,Sacha,Buesden,sbuesdeneb@yale.edu,France,Carpiquet,633-360-7045,14654 CEDEX
517,Lanny,Brosenius,lbroseniusec@istockphoto.com,Portugal,Abades,567-247-5291,2435-225
518,Lonnie,Magowan,lmagowaned@furl.net,Poland,Kórnik,868-963-5046,62-035
519,Debi,Moseley,dmoseleyee@altervista.org,Portugal,Carvalhais,674-564-3805,3040-662
520,Floria,MacTeague,fmacteagueef@unicef.org,Poland,Lipie,135-409-3158,42-165
521,Samara,McTeggart,smcteggarteg@printfriendly.com,France,Saint-Ouen,198-975-6970,93584 CEDEX
522,Bentlee,Skeffington,bskeffingtoneh@narod.ru,Poland,Ursynów,591-411-0569,15-134
523,Sophronia,Ledingham,sledinghamei@google.es,Portugal,Zambujeira do Mar,396-162-6034,7630-765
524,Marja,Cordero,mcorderoej@issuu.com,Portugal,Fajã de Cima,426-634-5097,9500-506
525,Elvin,Maunton,emauntonek@t-online.de,Poland,Rogóźno,219-154-2094,86-318
526,Thedrick,Gwynne,tgwynneel@soundcloud.com,France,Mantes-la-Jolie,931-596-0928,78204 CEDEX
527,Bridgette,Boultwood,bboultwoodem@jiathis.com,Canada,Weyburn,240-676-8175,S4H
528,Ignatius,Steynor,isteynoren@si.edu,Portugal,Santa Cruz,829-409-4959,4820-560
529,Cally,Stepto,csteptoeo@freewebs.com,United States,New Orleans,504-140-6923,70116
530,Bevvy,Kort,bkortep@i2i.jp,Portugal,Arranhó,992-226-9990,2630-015
531,Patton,McReynold,pmcreynoldeq@pagesperso-orange.fr,Poland,Bystra,666-880-3019,34-382
532,Armin,Menco,amencoer@godaddy.com,Poland,Debrzno,950-407-4725,77-310
533,Benito,Dummett,bdummettes@soundcloud.com,France,Istres,353-356-4388,13802 CEDEX
534,Kristoforo,Vaen,kvaenet@europa.eu,Poland,Złocieniec,587-212-5190,78-524
535,Laraine,Keppy,lkeppyeu@utexas.edu,Croatia,Marinići,415-393-6927,51216
536,Emmet,Benedicte,ebenedicteev@unicef.org,United States,Richmond,510-772-6238,94807
537,Brigida,Hanham,bhanhamew@time.com,United States,Omaha,402-407-0280,68110
538,Nicolas,Sully,nsullyex@ibm.com,Portugal,Columbeira,827-823-3613,2540-593
539,Phillis,Stilling,pstillingey@etsy.com,Bulgaria,Kaloyanovo,138-112-2286,4181
540,Rena,Selby,rselbyez@oaic.gov.au,France,Apt,994-344-6825,84404 CEDEX
541,Rossie,Newbigging,rnewbiggingf0@mapy.cz,Poland,Stronie,817-149-2795,34-145
542,Nahum,Tavener,ntavenerf1@businesswire.com,Poland,Janowice,322-520-9245,33-115
543,Benny,Cheyne,bcheynef2@yale.edu,Poland,Bystrzyca,434-776-1209,60-852
544,Opalina,Jahnel,ojahnelf3@bluehost.com,Portugal,Anadia,803-369-1456,3780-204
545,Desirae,Skocroft,dskocroftf4@seesaa.net,Portugal,Abelheira,640-255-4645,2530-063
546,Janenna,Maciejewski,jmaciejewskif5@creativecommons.org,United States,Greensboro,336-827-7763,27499
547,Axel,Gitthouse,agitthousef6@cbc.ca,Poland,Lutomiersk,930-320-2870,95-083
548,Horatio,Middler,hmiddlerf7@slashdot.org,United States,Austin,512-826-3062,78732
549,Cletus,Eastbury,ceastburyf8@deviantart.com,Poland,Dębów,662-332-8615,37-230
550,Hedwig,Scholler,hschollerf9@nba.com,Spain,"Palmas De Gran Canaria, Las",121-532-8706,35015
551,Guinna,Carillo,gcarillofa@bbc.co.uk,Portugal,Catujal Velho,157-805-0727,2680-423
552,Nissie,Gascoyen,ngascoyenfb@comcast.net,France,Fresnes,190-425-8740,94269 CEDEX
553,Jeth,Pedycan,jpedycanfc@google.ru,United States,Albany,229-814-3128,31704
554,Melisandra,Callow,mcallowfd@pbs.org,Poland,Pyskowice,260-399-0642,44-120
555,Nadya,Brosetti,nbrosettife@google.cn,United States,Van Nuys,213-939-7554,91499
556,Antoni,Ashenhurst,aashenhurstff@cmu.edu,France,Laon,144-311-3853,02004 CEDEX
557,Agretha,Strathdee,astrathdeefg@msn.com,France,Saint-Cloud,910-568-6315,92214 CEDEX
558,Hayden,Artingstall,hartingstallfh@walmart.com,Benin,Ouidah,892-779-5456,
559,Winifield,Daftor,wdaftorfi@wikia.com,United States,Salt Lake City,801-452-3414,84170
560,Frederick,Rycraft,frycraftfj@surveymonkey.com,United States,Honolulu,808-339-2995,96835
561,Rollo,Dundridge,rdundridgefk@exblog.jp,Canada,Oxford,189-588-2093,K7A
562,Averill,Duiged,aduigedfl@wiley.com,Netherlands,Groningen,518-624-6787,9704
563,Ivan,Stienham,istienhamfm@163.com,Morocco,Amouguer,658-951-2497,
564,Simona,Garlic,sgarlicfn@bizjournals.com,Portugal,Pousada,573-359-0255,4990-585
565,Junette,Butter,jbutterfo@shop-pro.jp,France,Bourges,163-771-5153,18025 CEDEX
566,Chrissie,Dunaway,cdunawayfp@w3.org,Morocco,Tanalt,847-454-9827,
567,Allan,Bowcher,abowcherfq@csmonitor.com,United Kingdom,Brampton,815-403-6316,NR34
568,Honoria,Barclay,hbarclayfr@gov.uk,United States,Wichita,316-350-2173,67260
569,Kellie,Trebilcock,ktrebilcockfs@nbcnews.com,France,Arles,311-317-8015,13637 CEDEX
570,Carmella,Benneton,cbennetonft@ox.ac.uk,Poland,Czyżowice,832-287-7214,44-352
571,Paloma,Silbersak,psilbersakfu@dropbox.com,Poland,Giedlarowa,810-480-5180,40-401
572,Riobard,Jorger,rjorgerfv@salon.com,United Kingdom,Birmingham,266-313-0465,B40
573,Scott,Portigall,sportigallfw@godaddy.com,Portugal,Labruge,228-892-8548,4485-296
574,Dana,Grayson,dgraysonfx@geocities.jp,Tunisia,Sahline,391-650-0747,
575,Chickie,Messom,cmessomfy@woothemes.com,Portugal,Aroeira,385-825-2790,2820-023
576,Marthena,Simpson,msimpsonfz@dagondesign.com,Poland,Murów,611-114-5811,46-030
577,Carlin,Oldman,coldmang0@usgs.gov,Portugal,Moses,352-456-7123,4415-719
578,Barbaraanne,Hawker,bhawkerg1@dyndns.org,Portugal,Oliveirinha,500-184-1167,3430-393
579,Jackquelin,Hartell,jhartellg2@nature.com,France,Troyes,120-417-7477,10014 CEDEX
580,Mile,Niccols,mniccolsg3@google.nl,France,Roscoff,967-396-9308,29688 CEDEX
581,Justine,Turmel,jturmelg4@wiley.com,France,Montpellier,949-863-5519,34087 CEDEX 4
582,Diann,Killingbeck,dkillingbeckg5@jigsy.com,Portugal,Covão,551-621-8288,3230-228
583,Sue,Olin,soling6@tuttocitta.it,Canada,New Glasgow,747-407-2488,B2H
584,Rebbecca,Chittenden,rchittendeng7@homestead.com,Morocco,Moulay Yacoub,954-600-7703,
585,Minetta,Bending,mbendingg8@cnn.com,Portugal,Ermida,756-133-8960,3070-125
586,Ulrich,Druhan,udruhang9@dailymotion.com,France,Montrouge,174-250-3910,92545 CEDEX
587,Loralie,Bryning,lbryningga@de.vu,Portugal,Santa Maria do Souto,792-434-5373,4800-260
588,Faustina,Cawston,fcawstongb@addtoany.com,Ireland,Monkstown,104-346-4093,D04
589,Andy,Archard,aarchardgc@mit.edu,Poland,Szubin,618-708-1631,89-200
590,Minnie,Aynscombe,maynscombegd@usnews.com,France,Paris 13,142-285-9200,75638 CEDEX 13
591,Maddie,Ringwood,mringwoodge@alibaba.com,Belgium,Gent,607-702-6942,9052
592,William,Tabord,wtabordgf@twitpic.com,France,Marseille,677-627-8739,13393 CEDEX 13
593,Lucas,McNiven,lmcnivengg@chronoengine.com,Portugal,Venda do Alcaide,946-614-3031,2950-438
594,Kev,Gerault,kgeraultgh@clickbank.net,Tunisia,Banī Khallād,382-715-7481,
595,Sophie,Sporrij,ssporrijgi@miibeian.gov.cn,Spain,Pontevedra,865-147-7914,36005
596,Hillary,Buncom,hbuncomgj@mail.ru,Bulgaria,Perushtitsa,442-629-6661,4225
597,Denis,Benoy,dbenoygk@unicef.org,Ireland,Kildare,398-473-1554,R51
598,Franz,Scantleberry,fscantleberrygl@nhs.uk,Poland,Krzeszów,841-928-4283,58-405
599,Lyndsey,Dymott,ldymottgm@constantcontact.com,Poland,Bujaków,230-906-2873,43-356
600,Ema,Dike,edikegn@ted.com,Croatia,Belica,504-238-3965,40319
601,Alexandre,Kiss,akissgo@lycos.com,Portugal,Meruge,656-352-8214,3405-354
602,Gordy,Pogosian,gpogosiangp@yellowpages.com,Poland,Kosakowo,262-235-5385,81-198
603,Maitilde,Faughnan,mfaughnangq@newsvine.com,Portugal,Maia,953-976-0817,4425-005
604,Ellene,Gallimore,egallimoregr@meetup.com,Bulgaria,Levski,696-434-8620,5292
605,Olimpia,Wharlton,owharltongs@accuweather.com,United States,Alhambra,626-858-1195,91841
606,Keefe,Gwinn,kgwinngt@jigsy.com,Canada,Kamloops,212-846-3652,H9P
607,Brigid,Schiell,bschiellgu@digg.com,Portugal,Pedome,356-771-7094,4765-135
608,Emmalyn,Bras,ebrasgv@edublogs.org,Poland,Ostroróg,540-259-8971,02-072
609,Norrie,Chillingsworth,nchillingsworthgw@canalblog.com,Italy,Brescia,620-359-6661,25129
610,Dalis,Camelli,dcamelligx@utexas.edu,Poland,Białobrzegi,421-948-1973,37-114
611,Curcio,Sharrard,csharrardgy@omniture.com,France,Montpellier,872-202-9427,34934 CEDEX 9
612,Oby,Endrici,oendricigz@naver.com,Poland,Mława,885-119-8588,06-501
613,Moshe,Laborda,mlabordah0@va.gov,Poland,Kłoczew,565-309-1476,08-550
614,Orin,Wythill,owythillh1@goo.ne.jp,Portugal,Sangalhos,612-264-9436,3780-115
615,Gallard,Fishbourne,gfishbourneh2@tmall.com,Poland,Dobra,282-284-0919,72-210
616,Poul,Itzkov,pitzkovh3@fc2.com,Poland,Strzelce Krajeńskie,290-211-7462,66-500
617,Inga,Green,igreenh4@amazon.com,Poland,Głowno,919-751-0136,95-016
618,Sarene,Kloss,sklossh5@army.mil,Canada,Kensington,904-643-2359,S7K
619,Matias,Falconer-Taylor,mfalconertaylorh6@yale.edu,United States,New Orleans,504-220-7194,70179
620,Valentine,Calafato,vcalafatoh7@harvard.edu,France,Douarnenez,551-270-7068,29174 CEDEX
621,Keefe,Normavell,knormavellh8@freewebs.com,Portugal,Mucifal,956-200-2345,2705-215
622,Merle,de Bullion,mdebullionh9@webs.com,United States,El Paso,915-130-0348,88530
623,Leonid,Cakebread,lcakebreadha@nhs.uk,Germany,Berlin,858-192-3289,13509
624,Kamilah,Marquese,kmarquesehb@mlb.com,Germany,Köln,848-452-0361,50935
625,Edmund,Wilflinger,ewilflingerhc@lycos.com,Benin,Natitingou,787-481-6363,
626,Esta,Ellicock,eellicockhd@accuweather.com,United States,Memphis,901-220-4285,38197
627,Kinna,Winny,kwinnyhe@mapquest.com,Senegal,Polel Diaoubé,984-856-9505,
628,Vasilis,Spenceley,vspenceleyhf@merriam-webster.com,Portugal,Lavandeira,548-240-6900,4950-208
629,Der,Jessett,djessetthg@rakuten.co.jp,Portugal,Campo,734-340-5909,4715-477
630,Hedwig,MacGillacolm,hmacgillacolmhh@xinhuanet.com,Poland,Ryki,272-867-5134,08-500
631,Ramon,Burberry,rburberryhi@ovh.net,Poland,Trzebnica,599-808-1551,55-100
632,Nikaniki,Langshaw,nlangshawhj@ning.com,Italy,Roma,233-410-1507,00152
633,Will,Adney,wadneyhk@dedecms.com,Poland,Dziemiany,236-212-8304,83-425
634,Reinwald,Huitson,rhuitsonhl@intel.com,Bulgaria,Gotse Delchev,767-356-3855,2971
635,Orin,Frisch,ofrischhm@parallels.com,Italy,Brescia,170-713-0092,25129
636,Trish,McCluskey,tmccluskeyhn@webnode.com,Spain,Madrid,726-707-0065,28055
637,Gothart,Addenbrooke,gaddenbrookeho@webmd.com,Poland,Kudowa-Zdrój,970-599-5158,75-136
638,Franny,Rollett,frolletthp@bravesites.com,United States,Saint Louis,314-556-9586,63143
639,Cathrine,Leifer,cleiferhq@hexun.com,Poland,Wrocław,323-108-0796,54-622
640,Tally,Cullnean,tcullneanhr@ucoz.com,United Kingdom,Tullich,889-128-2165,AB55
641,Courtnay,Gilmour,cgilmourhs@yellowpages.com,Portugal,Estoi,899-480-5959,8005-453
642,Doris,Wakelin,dwakelinht@csmonitor.com,Portugal,Gândara,701-901-4489,3450-405
643,Owen,Coad,ocoadhu@alexa.com,France,Carcassonne,570-501-7127,11878 CEDEX 9
644,Lurlene,Iannuzzi,liannuzzihv@dot.gov,Portugal,Oliveira de Frades,953-948-9920,3680-077
645,Marwin,Gentile,mgentilehw@youku.com,Poland,Pilchowice,568-364-0290,44-145
646,Wells,Bamlet,wbamlethx@amazon.de,France,Paris 19,311-186-0186,75171 CEDEX 19
647,Emlyn,Reany,ereanyhy@desdev.cn,Poland,Siedleczka,739-180-4703,37-230
648,Deina,Simenon,dsimenonhz@nhs.uk,Poland,Trzciana,754-489-7043,36-071
649,Timothea,McEniry,tmceniryi0@cnbc.com,Poland,Ozimek,453-796-5910,46-040
650,Arlen,Engeham,aengehami1@reddit.com,Canada,Fairview,240-428-7875,L1M
651,Nikaniki,Orrum,norrumi2@posterous.com,Poland,Kwidzyn,853-276-1530,82-505
652,Horten,Ramsay,hramsayi3@ed.gov,Portugal,Portelinha,542-237-9535,4630-526
653,Alica,Luckie,aluckiei4@salon.com,Portugal,Torre do Pinhão,949-975-2835,5060-569
654,Chalmers,Tacker,ctackeri5@hugedomains.com,Canada,Woodstock,210-238-8928,E7M
655,Shadow,Hammerton,shammertoni6@example.com,Poland,Stronie,720-831-6596,34-145
656,Rubina,Shepcutt,rshepcutti7@time.com,Morocco,Bzou,308-438-7143,
657,Theresita,Collar,tcollari8@ask.com,Poland,Ryczywół,294-115-2178,64-630
658,Kara-lynn,Beebe,kbeebei9@nih.gov,United States,Houston,281-394-4621,77035
659,Thedric,Budnk,tbudnkia@latimes.com,France,Compiègne,815-308-4344,60204 CEDEX
660,Kelsey,Bradnick,kbradnickib@google.ru,Croatia,Slatina,977-199-0583,10346
661,Alister,Haddrill,ahaddrillic@exblog.jp,United States,Toledo,419-374-0169,43656
662,Mitch,Biggar,mbiggarid@smh.com.au,Spain,Tarragona,326-604-5989,43071
663,Filip,Lorenc,florencie@ca.gov,Portugal,Mourelos,647-430-3340,3025-600
664,Carita,Tryme,ctrymeif@slideshare.net,United States,Durham,919-815-0446,27717
665,Rufus,Greenstead,rgreensteadig@businessweek.com,France,Sarreguemines,483-514-7726,57204 CEDEX
666,Ev,Wessing,ewessingih@ow.ly,France,Amiens,885-837-0500,80075 CEDEX 1
667,Sherwynd,Samworth,ssamworthii@thetimes.co.uk,Poland,Lutoryż,121-703-6670,36-047
668,Eddi,Foggo,efoggoij@tripadvisor.com,United States,New York City,917-663-7247,10045
669,Orelie,Clissett,oclissettik@va.gov,United States,Houston,713-735-9502,77299
670,James,Caso,jcasoil@go.com,Spain,Cadiz,342-520-4513,11010
671,Kelsy,Youll,kyoullim@soundcloud.com,Canada,La Broquerie,235-653-6390,L2G
672,Johan,Greatreax,jgreatreaxin@cam.ac.uk,Poland,Pogorzyce,124-553-5837,32-503
673,Jean,Scarlett,jscarlettio@wired.com,Canada,Otterburn Park,651-792-7452,L6G
674,Smitty,Brockway,sbrockwayip@cafepress.com,Poland,Gnieżdżewo,841-691-6001,84-130
675,Berri,Barroux,bbarrouxiq@yahoo.com,France,Paris 16,573-280-8410,75215 CEDEX 16
676,Westleigh,Brownlie,wbrownlieir@prweb.com,Poland,Trzebieszów,306-545-8109,21-404
677,Sayres,Male,smaleis@is.gd,Poland,Tomice,938-193-3809,34-105
678,Gerrie,Parsons,gparsonsit@cmu.edu,France,Neuilly-sur-Marne,725-695-3961,93335 CEDEX
679,Claudie,Foxcroft,cfoxcroftiu@indiegogo.com,France,La Garde,245-552-6027,83953 CEDEX
680,Peri,Bentz,pbentziv@elegantthemes.com,Portugal,Vale de Figueira,181-182-1489,2695-584
681,Aliza,Swaine,aswaineiw@usa.gov,United States,Philadelphia,215-755-2600,19141
682,Lonee,Gimenez,lgimenezix@paypal.com,United States,Boston,617-342-7686,02283
683,Gretal,Buckley,gbuckleyiy@surveymonkey.com,Portugal,Antes,757-784-8018,3050-015
684,Maynard,Spradbrow,mspradbrowiz@washington.edu,Poland,Wierzbica,104-513-7757,26-680
685,Midge,Jozwik,mjozwikj0@wiley.com,Poland,Kamionka,456-675-1062,21-132
686,Jocelin,Hehir,jhehirj1@creativecommons.org,Poland,Suraż,745-968-9843,18-105
687,Bail,MacElholm,bmacelholmj2@slideshare.net,United States,Zephyrhills,813-416-0311,33543
688,Alis,Gebby,agebbyj3@amazon.com,France,Villeneuve-d'Ascq,343-510-1499,59663 CEDEX
689,Waiter,Sparsholt,wsparsholtj4@joomla.org,United Kingdom,Milton,428-520-1900,NG22
690,Indira,Georgievski,igeorgievskij5@cafepress.com,Bulgaria,Gorna Oryakhovitsa,413-675-5685,5145
691,Anne-corinne,Scopham,ascophamj6@lycos.com,Portugal,Vila Ribeiro,191-718-0754,2835-795
692,Alisun,Sidworth,asidworthj7@icio.us,France,Brétigny-sur-Orge,193-223-9895,91229 CEDEX
693,Judon,Denne,jdennej8@pbs.org,Portugal,Sabugal,853-888-0122,6320-315
694,Marian,MacConnechie,mmacconnechiej9@microsoft.com,Spain,Pontevedra,419-440-5862,36164
695,Malchy,Charsley,mcharsleyja@about.com,Portugal,Calheta de Nesquim,898-941-8371,9930-025
696,Shara,Kneller,sknellerjb@so-net.ne.jp,Bulgaria,Radomir,843-183-0268,2453
697,Dael,De Gouy,ddegouyjc@51.la,Portugal,Mirandela,579-985-0675,5370-182
698,Hermie,Paxforde,hpaxfordejd@dell.com,United States,Buffalo,716-679-6115,14276
699,Farrel,Pfaffel,fpfaffelje@cargocollective.com,Portugal,Abuxarda,726-262-3786,2755-013
700,Deeann,Kiddye,dkiddyejf@shinystat.com,Poland,Świlcza,193-716-7425,36-072
701,Ceciley,Fancott,cfancottjg@1688.com,France,Metz,256-494-5712,57016 CEDEX 01
702,Eward,Handman,ehandmanjh@msn.com,Poland,Bodzentyn,691-970-0132,26-010
703,Julee,Klimowski,jklimowskiji@imdb.com,Poland,Walce,453-951-3196,47-344
704,Kevon,Graalmans,kgraalmansjj@nature.com,France,Clermont-Ferrand,348-194-5279,63043 CEDEX 2
705,Rand,Odeson,rodesonjk@unc.edu,Germany,Berlin,800-568-2000,13409
706,Sawyer,Meaker,smeakerjl@cargocollective.com,France,Abbeville,664-694-0361,80146 CEDEX
707,Helge,Grayne,hgraynejm@imageshack.us,France,Pont-à-Mousson,848-442-4033,54704 CEDEX
708,Dulciana,Brittles,dbrittlesjn@about.com,France,Mitry-Mory,172-366-4725,77294 CEDEX
709,Carolyne,Lightewood,clightewoodjo@shareasale.com,France,Levallois-Perret,469-187-2883,92592 CEDEX
710,Abbott,Callway,acallwayjp@bbc.co.uk,Bulgaria,Sitovo,340-847-0508,7662
711,Avis,Orniz,aornizjq@instagram.com,Poland,Narew,458-401-2507,17-210
712,Harriot,Perazzo,hperazzojr@boston.com,Poland,Bielawa,514-589-2759,58-263
713,Sadie,Alvarez,salvarezjs@tripod.com,Netherlands,Emmen,709-154-4232,7814
714,Ruthe,Prestney,rprestneyjt@seesaa.net,United States,El Paso,915-910-4054,79940
715,Violetta,Fillary,vfillaryju@ow.ly,Portugal,Choca do Mar,746-277-5299,3840-032
716,Franny,Haggerston,fhaggerstonjv@domainmarket.com,United States,Phoenix,602-282-5299,85099
717,Isador,Jahn,ijahnjw@bloomberg.com,Netherlands,Venlo,346-786-5221,5924
718,Moishe,Wheelan,mwheelanjx@merriam-webster.com,Netherlands,Bergen op Zoom,359-405-9546,4609
719,Martyn,Gouldthorp,mgouldthorpjy@guardian.co.uk,Portugal,Oleiros,622-240-2283,6160-402
720,Niki,Asplin,nasplinjz@163.com,France,Châlons-en-Champagne,357-207-7834,51039 CEDEX
721,Willi,Cordet,wcordetk0@webs.com,France,Roissy Charles-de-Gaulle,627-143-2955,95915 CEDEX 2
722,Nickolas,Lis,nlisk1@unesco.org,France,Lyon,724-526-0377,69265 CEDEX 09
723,Brinna,Swanne,bswannek2@ebay.com,Canada,Malartic,178-817-3680,X0G
724,Julius,Boullen,jboullenk3@over-blog.com,Ireland,Bailieborough,575-457-5544,C15
725,Ward,Janzen,wjanzenk4@slideshare.net,United States,Columbia,803-815-4231,29220
726,Cesya,Fairney,cfairneyk5@elegantthemes.com,Canada,Hudson Bay,129-603-6211,K2J
727,Caren,Hanney,channeyk6@blogtalkradio.com,Spain,Ferrol,702-452-5810,15490
728,Torrey,Courtman,tcourtmank7@wikia.com,Poland,Wisła,154-250-3644,43-460
729,Eve,Garbott,egarbottk8@cdc.gov,Poland,Uniejów,952-615-0136,99-210
730,Delinda,Soffe,dsoffek9@themeforest.net,Poland,Limanowa,500-878-5080,34-651
731,Miguelita,Mayow,mmayowka@sogou.com,Poland,Środa Wielkopolska,749-778-5503,63-001
732,Rose,Alvarez,ralvarezkb@shareasale.com,France,Lyon,965-417-2439,69212 CEDEX 03
733,Krystal,Waulker,kwaulkerkc@4shared.com,Poland,Raczki,663-917-6540,16-420
734,Aleda,Walhedd,awalheddkd@slideshare.net,Poland,Iwierzyce,715-162-0074,39-124
735,Petey,Sesons,psesonske@guardian.co.uk,Poland,Pilawa,409-533-6199,08-440
736,Reinaldos,Skully,rskullykf@nhs.uk,Poland,Regimin,261-912-1947,06-461
737,Candace,Guiett,cguiettkg@sohu.com,France,Rennes,679-279-4611,35203 CEDEX 2
738,Alano,Summerskill,asummerskillkh@miitbeian.gov.cn,Poland,Cedry Wielkie,224-192-5343,83-020
739,Clywd,Bencher,cbencherki@jimdo.com,Poland,Sieroszewice,196-992-7604,63-405
740,Seka,Trenaman,strenamankj@quantcast.com,Poland,Śniadowo,811-598-2728,18-411
741,Verina,todor,vtodorkk@smh.com.au,France,Oyonnax,181-488-6292,01117 CEDEX
742,Lenore,Cathee,lcatheekl@comcast.net,Tunisia,El Fahs,577-292-9625,
743,Cathlene,Matzaitis,cmatzaitiskm@paypal.com,France,Poitiers,906-904-3198,86054 CEDEX 9
744,Cristie,Wudeland,cwudelandkn@surveymonkey.com,Portugal,Pobral,456-867-7867,2655-121
745,Harmonia,Bartocci,hbartocciko@intel.com,Portugal,Roriz,455-710-5668,4750-654
746,Wildon,Dellatorre,wdellatorrekp@squidoo.com,Belgium,Ath,610-977-9307,7823
747,Rorie,Landall,rlandallkq@ted.com,Netherlands,Rosmalen,661-639-3203,5249
748,Bruno,Cornish,bcornishkr@whitehouse.gov,United States,Saint Louis,314-370-3828,63150
749,Alan,Walcher,awalcherks@google.ru,United States,Colorado Springs,719-880-9129,80905
750,Hannah,Casey,hcaseykt@taobao.com,France,Marseille,819-151-4823,13382 CEDEX 13
751,Beale,Kingsnod,bkingsnodku@bluehost.com,Portugal,Fornos,236-478-7422,4550-356
752,Margaret,Spottiswoode,mspottiswoodekv@merriam-webster.com,Poland,Czarna Białostocka,454-381-6955,16-020
753,Sheree,Hallihan,shallihankw@youtu.be,United Kingdom,Aberdeen,274-604-9186,AB39
754,Omar,Prawle,oprawlekx@fema.gov,Germany,Stuttgart,798-317-4973,70190
755,Meridel,Proppers,mproppersky@cloudflare.com,Bulgaria,Vidin,166-580-2288,3776
756,Patin,Platfoot,pplatfootkz@time.com,France,Paris 20,639-344-3922,75976 CEDEX 20
757,Florri,Keyson,fkeysonl0@soundcloud.com,Spain,Fuenlabrada,390-282-3251,28944
758,Jammie,Grace,jgracel1@soup.io,France,La Plaine-Saint-Denis,448-433-4567,93214 CEDEX
759,Benedikt,Spadotto,bspadottol2@oakley.com,Portugal,Casal dos Bernardos,684-646-9989,2435-010
760,Conn,Rubertelli,crubertellil3@1und1.de,France,Le Havre,312-435-6509,76086 CEDEX
761,Starr,Wharton,swhartonl4@msu.edu,Portugal,Vale da Bajouca,650-498-0921,2425-207
762,Ichabod,Lecordier,ilecordierl5@uiuc.edu,Croatia,Galovac,711-352-3796,43000
763,Newton,Fullwood,nfullwoodl6@mediafire.com,Bulgaria,Gorichevo,610-855-1328,7337
764,Dniren,Dorricott,ddorricottl7@java.com,Italy,Milano,785-274-5315,20147
765,Madelina,Fuller,mfullerl8@squarespace.com,Portugal,Casal das Figueiras,279-523-4632,3025-377
766,Ermentrude,Lawie,elawiel9@ameblo.jp,France,Le Cannet,464-205-2518,06116 CEDEX
767,Octavius,Whewill,owhewillla@alibaba.com,Portugal,Ribeiro,873-215-2141,4520-712
768,Trever,Wetherell,twetherelllb@drupal.org,Portugal,Carvalhal,883-166-4022,3240-654
769,Weston,Hawley,whawleylc@topsy.com,Poland,Raszków,854-364-7279,63-440
770,Deidre,Arzu,darzuld@printfriendly.com,Poland,Lelkowo,673-972-4381,14-521
771,Layton,Hurst,lhurstle@bravesites.com,Poland,Jedlnia-Letnisko,464-625-6445,26-630
772,Gill,Clitsome,gclitsomelf@businessinsider.com,United States,Dallas,214-361-8870,75236
773,Zelig,Umbers,zumberslg@shareasale.com,Portugal,Passal,626-577-6796,4960-130
774,Fenelia,Keniwell,fkeniwelllh@ask.com,Canada,Beaconsfield,590-472-8413,H9W
775,Lyndell,Farrear,lfarrearli@naver.com,France,Angers,398-809-3591,49033 CEDEX 01
776,Loydie,Newland,lnewlandlj@diigo.com,Canada,Martensville,734-533-9093,L3R
777,Elisabeth,Marklund,emarklundlk@bizjournals.com,France,Noyelles-sous-Lens,868-802-0511,62247 CEDEX
778,Rozina,Deering,rdeeringll@tuttocitta.it,Tunisia,Kasserine,309-409-2765,
779,Hallsy,MacGillacolm,hmacgillacolmlm@ihg.com,Canada,St. Thomas,481-504-2305,N5R
780,Jorey,Ellesmere,jellesmereln@seesaa.net,Poland,Wilga,654-788-5273,08-470
781,Alexander,Wick,awicklo@tuttocitta.it,France,Saint-Maixent-l'École,160-547-4969,79404 CEDEX
782,Kelvin,Darth,kdarthlp@moonfruit.com,Poland,Trawniki,148-470-9387,21-044
783,Boonie,Gladding,bgladdinglq@loc.gov,Canada,Notre-Dame-de-l'Île-Perrot,169-710-9500,H9X
784,Luciana,Rookesby,lrookesbylr@nydailynews.com,United States,Lynchburg,434-578-8344,24515
785,Nigel,Stokoe,nstokoels@virginia.edu,United States,Atlanta,770-553-0190,30323
786,Cathe,MacKaig,cmackaiglt@about.me,Canada,Omemee,191-150-5618,V1E
787,Leo,Vany,lvanylu@pinterest.com,United States,Topeka,785-771-2935,66617
788,Jeth,Lowdeane,jlowdeanelv@imdb.com,Poland,Gostynin,788-247-1633,09-500
789,Mia,Rawsen,mrawsenlw@upenn.edu,Canada,Peachland,644-498-1742,B3S
790,Ellyn,Lilley,elilleylx@xing.com,Canada,Pembroke,681-523-7936,K8B
791,Bret,Braim,bbraimly@homestead.com,United States,Petaluma,707-997-5624,94975
792,Serena,Marielle,smariellelz@posterous.com,Ireland,Donnybrook,386-633-2535,D04
793,Miguela,Glossup,mglossupm0@loc.gov,France,Grenoble,580-921-2024,38066 CEDEX 2
794,Eb,Dowles,edowlesm1@photobucket.com,United States,Cincinnati,513-377-6799,45213
795,Augustine,Koch,akochm2@bluehost.com,Bulgaria,Borino,177-622-3295,4824
796,Charlton,Sally,csallym3@cnet.com,Poland,Wschowa,874-805-5360,67-400
797,Pollyanna,Gohier,pgohierm4@engadget.com,France,Auxerre,972-652-0176,89010 CEDEX
798,Phylys,Scoates,pscoatesm5@drupal.org,Germany,Aachen,193-818-3992,52080
799,Jo-anne,Camilleri,jcamillerim6@imageshack.us,United Kingdom,Charlton,164-272-0709,OX12
800,Devland,Fraczek,dfraczekm7@deliciousdays.com,Ireland,Rathdrum,617-432-9080,V14
801,Donnamarie,Tizard,dtizardm8@sitemeter.com,Portugal,Vale das Mós,468-720-8748,2205-806
802,Mignonne,Drayn,mdraynm9@netlog.com,Poland,Kęsowo,747-819-1447,89-506
803,Esme,Wollen,ewollenma@google.ru,Portugal,Lousado,766-632-5726,4760-606
804,Burnaby,Rickword,brickwordmb@bloglovin.com,Poland,Gizałki,139-442-9264,63-308
805,Merilyn,Blazek,mblazekmc@blogspot.com,Poland,Nowe Brzesko,520-875-6825,32-120
806,King,Yokelman,kyokelmanmd@auda.org.au,Poland,Gwoźnica Górna,348-151-1387,38-116
807,Jerrie,Swinburne,jswinburneme@people.com.cn,Ireland,Mallow,741-529-9999,P51
808,Etienne,Yuill,eyuillmf@usatoday.com,Netherlands,Eindhoven,147-541-5011,5629
809,Rey,Mapplethorpe,rmapplethorpemg@cocolog-nifty.com,United States,Charleston,304-412-4056,25336
810,Deeanne,Milland,dmillandmh@vimeo.com,France,Lyon,377-134-3381,69345 CEDEX 07
811,Starla,Turri,sturrimi@sourceforge.net,France,Vannes,269-925-0651,56019 CEDEX
812,Jock,Drury,jdrurymj@icq.com,Canada,Labelle,557-347-7444,N2L
813,Tony,Fairfoot,tfairfootmk@cornell.edu,Senegal,Joal-Fadiout,947-748-9662,
814,Jayne,Trevaskiss,jtrevaskissml@163.com,United States,Youngstown,330-670-8487,44511
815,Marchall,Kelway,mkelwaymm@t.co,Canada,Lamont,435-854-3833,N2E
816,Stanton,Ambridge,sambridgemn@cyberchimps.com,France,Rueil-Malmaison,206-225-0305,92509 CEDEX
817,Nara,Sheehan,nsheehanmo@list-manage.com,Bulgaria,Dimitrovgrad,850-783-2449,6435
818,Kiel,Antliff,kantliffmp@google.pl,Portugal,Murça,779-104-4030,5155-505
819,Kristine,Cote,kcotemq@fotki.com,Portugal,Moreira de Geraz do Lima,188-211-2855,4905-266
820,Jourdan,Armstead,jarmsteadmr@netvibes.com,Croatia,Garešnica,891-629-1249,43280
821,Beatriz,Whittock,bwhittockms@google.pl,Croatia,Biograd na Moru,412-571-5332,23210
822,Gui,Siggers,gsiggersmt@oracle.com,Portugal,Calvário,271-187-8488,4820-449
823,Helenka,Davidov,hdavidovmu@va.gov,France,Rezé,889-848-4098,44409 CEDEX
824,Annabel,Aleswell,aaleswellmv@gnu.org,France,Marne-la-Vallée,406-338-3239,77427 CEDEX 2
825,Jillene,Russ,jrussmw@eepurl.com,Poland,Sokolniki,763-540-5358,98-420
826,Terrie,Whitmell,twhitmellmx@networkadvertising.org,Canada,Metchosin,250-555-2137,V9C
827,Leonelle,Charlet,lcharletmy@aboutads.info,Canada,Delson,428-769-5842,J5B
828,Wilden,Hastwall,whastwallmz@4shared.com,Portugal,Rana,652-784-2136,2775-389
829,Harmonia,Pelcheur,hpelcheurn0@chron.com,Portugal,Cruz de Pau,194-950-1189,2845-005
830,Livia,Zeale,lzealen1@google.pl,Poland,Nowosielce-Gniewosz,322-233-2767,38-507
831,Giacinta,Lefort,glefortn2@instagram.com,Canada,Albanel,739-913-3910,G8M
832,Kaye,Alessandrini,kalessandrinin3@youku.com,Ireland,Ashbourne,587-619-3230,A84
833,Briana,Willicott,bwillicottn4@cafepress.com,France,Orsay,684-827-2221,91851 CEDEX
834,Bradley,Thurling,bthurlingn5@apple.com,Portugal,Estombar,159-833-1494,8400-017
835,Johna,Slavin,jslavinn6@delicious.com,Poland,Janowiec,178-782-9635,24-123
836,Jennette,Tillman,jtillmann7@spotify.com,United States,North Little Rock,501-592-6218,72118
837,Ajay,Covotto,acovotton8@ow.ly,Canada,Morinville,474-173-4449,T8R
838,Channa,Yorke,cyorken9@craigslist.org,United States,Milwaukee,360-675-8129,53277
839,Ramon,Stuehmeyer,rstuehmeyerna@mapquest.com,Croatia,Retkovci,240-596-2499,32282
840,Marie-ann,Davidof,mdavidofnb@github.io,Portugal,Guardizela,617-205-3003,4765-405
841,Nero,Pinkett,npinkettnc@usnews.com,France,Paris 10,982-296-3014,75485 CEDEX 10
842,Alejoa,Hullah,ahullahnd@hugedomains.com,France,Créteil,783-838-0931,94024 CEDEX
843,Nedi,MacCafferty,nmaccaffertyne@merriam-webster.com,Morocco,Oujda,796-885-4879,
844,Georges,McGilvra,gmcgilvranf@sina.com.cn,Netherlands,'s-Hertogenbosch,513-455-7581,5214
845,Billy,Winsbury,bwinsburyng@squarespace.com,United States,Jefferson City,573-998-5765,65105
846,Liesa,McCroft,lmccroftnh@jiathis.com,Netherlands,Tilburg,826-906-5349,5019
847,Stephan,Suckling,ssucklingni@nih.gov,United States,Tyler,903-544-2001,75710
848,Consuelo,Quelch,cquelchnj@prweb.com,France,Villefranche-sur-Mer,716-995-4648,06239 CEDEX
849,Sashenka,McNerlin,smcnerlinnk@photobucket.com,Portugal,Caldas das Taipas,343-153-0498,4805-081
850,Jaimie,La Rosa,jlarosanl@constantcontact.com,Portugal,Venda,467-371-5386,4620-472
851,Aurie,Ricardin,aricardinnm@ftc.gov,United States,Sacramento,916-943-8559,94273
852,Bernelle,Haggata,bhaggatann@aol.com,Spain,Sevilla,685-619-4614,41020
853,Bernadina,De Mico,bdemicono@hao123.com,Canada,Saint-Bruno-de-Montarville,509-559-6209,J3V
854,Zorine,Alvy,zalvynp@smugmug.com,Portugal,São Pedro Gafanhoeira,374-353-1865,7040-524
855,Babara,Cutford,bcutfordnq@ustream.tv,Ireland,Cavan,245-964-6200,H12
856,Catlee,Gross,cgrossnr@google.de,Portugal,Almalaguês,419-581-3505,3040-426
857,Ignazio,Lambert,ilambertns@imgur.com,France,Montargis,145-560-8019,45204 CEDEX
858,Arabele,Hampshire,ahampshirent@weebly.com,Canada,Cowansville,671-700-4826,J2K
859,Audie,Macallam,amacallamnu@myspace.com,Portugal,Feitoria,864-327-6189,4650-291
860,Jackie,Antonucci,jantonuccinv@mit.edu,France,Quetigny,342-136-7834,21806 CEDEX
861,Leicester,Izakovitz,lizakovitznw@vistaprint.com,Ireland,Gweedore,964-444-8857,V31
862,Burt,Stocks,bstocksnx@blog.com,Tunisia,Nefta,537-759-9338,
863,Franciska,Donne,fdonneny@qq.com,France,Pontarlier,762-195-4660,25304 CEDEX
864,Veronike,Daniellot,vdaniellotnz@is.gd,Portugal,Aldeia da Mata,381-267-3802,7430-015
865,Shaylah,Heap,sheapo0@google.co.uk,Netherlands,IJmuiden,822-323-1963,1974
866,Pegeen,Ragborne,pragborneo1@shareasale.com,Portugal,São João,162-952-1326,4890-484
867,Kearney,McCowen,kmccoweno2@senate.gov,France,Nancy,489-212-0466,54021 CEDEX
868,Nickie,Berthomier,nberthomiero3@ca.gov,Ireland,Tuam,170-130-9165,H54
869,Maxim,Mossbee,mmossbeeo4@goodreads.com,Portugal,Tabuadelo,830-856-8456,4835-449
870,Zechariah,Murtell,zmurtello5@vinaora.com,Portugal,Arrabal,853-859-1366,2420-005
871,Stanislaw,Kerton,skertono6@php.net,Canada,Ponoka,830-780-0028,T4J
872,Katusha,Haddington,khaddingtono7@uiuc.edu,Poland,Wierzchucino,882-788-8253,84-113
873,Clarissa,Brombell,cbrombello8@icio.us,France,Paris La Défense,410-357-0758,92980 CEDEX
874,Isabelle,Stonebanks,istonebankso9@blogger.com,Portugal,Carreira,679-105-7242,4820-021
875,Henrietta,Pycock,hpycockoa@usatoday.com,Portugal,Carcavelos,362-974-6737,4620-031
876,Darsie,Hairs,dhairsob@artisteer.com,Portugal,Colmeal,255-262-0433,3070-094
877,Corie,Parslow,cparslowoc@weather.com,France,Paris 11,329-681-7399,75128 CEDEX 11
878,Nathanial,Lanktree,nlanktreeod@google.es,United States,Gainesville,352-322-3362,32627
879,Vincenty,Dabs,vdabsoe@cam.ac.uk,Portugal,Riba de Ave,720-800-6230,4765-190
880,Ximenez,Surridge,xsurridgeof@fda.gov,United States,Springfield,339-270-6860,01114
881,Conant,Du Fray,cdufrayog@hud.gov,Poland,Złotoryja,200-730-9991,59-501
882,Feliza,Leffek,fleffekoh@rakuten.co.jp,Luxembourg,Schifflange,248-180-9127,L-3883
883,Tate,Ratchford,tratchfordoi@mit.edu,Poland,Gubin,715-805-9533,66-635
884,Mace,Desbrow,mdesbrowoj@apache.org,France,Roissy Charles-de-Gaulle,632-339-4413,95974 CEDEX 2
885,Clair,Carpmile,ccarpmileok@elpais.com,Poland,Lasek,264-812-2418,34-471
886,Clarabelle,Goodbourn,cgoodbournol@hhs.gov,Poland,Dębnica Kaszubska,845-717-9574,76-248
887,Rowney,Kaas,rkaasom@csmonitor.com,Canada,Cabano,422-861-9427,T9H
888,Lionel,Torrecilla,ltorrecillaon@cafepress.com,Canada,Montréal-Est,521-773-9082,J4N
889,Tamera,Arthur,tarthuroo@europa.eu,Poland,Trąbki,540-378-5686,32-020
890,Desi,Jennings,djenningsop@histats.com,Senegal,Richard-Toll,492-193-7047,
891,Ashton,Fever,afeveroq@symantec.com,United States,Chattanooga,423-432-4213,37416
892,Giavani,Detloff,gdetloffor@istockphoto.com,France,Rungis,369-142-0240,94593 CEDEX 2
893,Adorne,Malamore,amalamoreos@godaddy.com,Portugal,Feteira Pequena,879-367-3150,9630-311
894,Gail,Maskall,gmaskallot@google.com.au,Canada,Melfort,698-689-8989,B3H
895,Tobiah,Zouch,tzouchou@latimes.com,Canada,Smithers,407-470-4497,P3N
896,Halette,Totaro,htotaroov@dmoz.org,Bulgaria,Lyubimets,638-382-6537,6522
897,Tait,Paske,tpaskeow@msu.edu,Spain,Madrid,125-694-8693,28055
898,Darin,Shervington,dshervingtonox@wisc.edu,United States,Shawnee Mission,913-231-5888,66286
899,Adore,Freak,afreakoy@diigo.com,Poland,Rawa Mazowiecka,210-986-5688,96-201
900,Stevena,Grange,sgrangeoz@wikia.com,Poland,Czarna,950-781-9372,39-215
901,Caspar,Apple,capplep0@seesaa.net,Portugal,Janas,731-814-6173,2710-257
902,Misty,Leipnik,mleipnikp1@symantec.com,Portugal,Bairro de Santo António,181-812-9157,2765-133
903,Shirlene,Confort,sconfortp2@reverbnation.com,France,Rungis,459-508-4551,94631 CEDEX 1
904,Abbott,Pendreigh,apendreighp3@toplist.cz,Poland,Puszczykowo,784-847-8298,62-040
905,Pepito,Board,pboardp4@issuu.com,Poland,Winnica,829-487-0830,06-120
906,Esma,Leak,eleakp5@acquirethisname.com,Canada,Vaudreuil-Dorion,331-206-0319,J7W
907,Petey,Albarez,palbarezp6@t-online.de,Canada,Cornwall,772-434-1323,L4E
908,Misha,Phippin,mphippinp7@yahoo.co.jp,Poland,Sosnowiec,916-215-5287,41-221
909,Nevin,Altham,nalthamp8@hao123.com,Portugal,Camacha,127-987-6786,9135-054
910,Max,Davisson,mdavissonp9@tripadvisor.com,France,Besançon,522-437-7493,25071 CEDEX 9
911,Guy,Stileman,gstilemanpa@ibm.com,Poland,Mieszkowice,222-958-8003,74-505
912,Mariana,Millhouse,mmillhousepb@360.cn,Canada,Rosthern,598-563-9138,B0L
913,Monah,Heffernan,mheffernanpc@ox.ac.uk,Morocco,Ouijjane,380-389-7569,
914,Joya,Skeels,jskeelspd@hostgator.com,France,Hénin-Beaumont,934-359-0629,62259 CEDEX
915,Jessika,Gillean,jgilleanpe@cbsnews.com,Poland,Nowy Korczyn,167-922-4694,28-136
916,Rudolph,Durn,rdurnpf@godaddy.com,Canada,Blainville,378-441-6733,J7J
917,Baillie,Iannuzzi,biannuzzipg@goo.gl,Portugal,Serra da Silveira,271-160-5833,2605-129
918,Gunilla,Hillen,ghillenph@seattletimes.com,United States,Irvine,949-755-8414,92619
919,Wynn,Pearce,wpearcepi@cloudflare.com,Portugal,Ribeiro,776-639-3508,4520-712
920,Merci,Orpin,morpinpj@mac.com,Italy,Roma,718-318-7480,00128
921,Suzette,Blonden,sblondenpk@constantcontact.com,Ireland,Bagenalstown,934-794-7645,R21
922,Renell,Coveney,rcoveneypl@chicagotribune.com,France,Nîmes,469-741-1378,30028 CEDEX 9
923,Tine,Tousy,ttousypm@nytimes.com,France,Le Mans,657-704-1207,72100
924,Odella,Ewles,oewlespn@dropbox.com,United States,Oklahoma City,405-853-0284,73179
925,Drucy,Drust,ddrustpo@abc.net.au,Poland,Wola Filipowska,415-435-6275,32-067
926,Jennie,Fanti,jfantipp@xing.com,Canada,Irricana,317-142-7444,B3T
927,Basia,Gleader,bgleaderpq@gmpg.org,France,Fontenay-sous-Bois,897-181-0154,94129 CEDEX
928,Torrance,Penkethman,tpenkethmanpr@devhub.com,Portugal,Maganha,969-996-8701,4785-650
929,Lucinda,Witson,lwitsonps@nymag.com,United States,Hollywood,305-957-0859,33023
930,Bryn,Bilovsky,bbilovskypt@bbb.org,Bulgaria,Batanovtsi,297-466-9374,2356
931,Marlo,Turford,mturfordpu@gov.uk,Morocco,Khenifra,135-328-4808,
932,Joanne,Geerling,jgeerlingpv@furl.net,France,Toulouse,809-786-4061,31403 CEDEX 9
933,Suzanna,Leahy,sleahypw@tmall.com,France,La Chapelle-sur-Erdre,550-109-2185,44244 CEDEX
934,Gus,Tinston,gtinstonpx@independent.co.uk,Portugal,Fonteleite,658-514-9445,4745-530
935,Cherye,Russo,crussopy@comsenz.com,France,Montélimar,640-838-1530,26209 CEDEX
936,Phyllida,Reitenbach,preitenbachpz@com.com,United States,Frankfort,502-923-3219,40618
937,Maximilianus,Cheeld,mcheeldq0@wunderground.com,Germany,Mainz,425-223-8720,55124
938,Lolita,Scrivenor,lscrivenorq1@tripadvisor.com,Poland,Kowala,453-319-9711,26-680
939,Zena,Cronkshaw,zcronkshawq2@scientificamerican.com,Tunisia,Ksour Essaf,140-322-2931,
940,Lyndsay,MacColgan,lmaccolganq3@umich.edu,France,Orléans,295-265-9708,45922 CEDEX 9
941,Wilek,Kennford,wkennfordq4@craigslist.org,Luxembourg,Betzdorf,474-376-7877,L-6832
942,Claudell,Hirtz,chirtzq5@spiegel.de,Portugal,Bombarral,524-456-0074,2540-006
943,Blaine,Gors,bgorsq6@latimes.com,Senegal,Gandiaye,702-772-3454,
944,Orin,Lucio,olucioq7@dropbox.com,Croatia,Labin,867-289-4228,52220
945,Heath,Vint,hvintq8@drupal.org,Portugal,Almendra,958-734-1879,5150-015
946,Culver,Mill,cmillq9@skype.com,Portugal,Guifões,821-356-1128,4460-005
947,Michael,Tourle,mtourleqa@oracle.com,Netherlands,Bergen op Zoom,127-742-5736,4619
948,Donnie,Morrill,dmorrillqb@marketwatch.com,France,Hénin-Beaumont,623-207-4088,62254 CEDEX
949,Wells,Ashforth,washforthqc@google.cn,Portugal,Vila Franca,597-794-7405,4935-621
950,Friedrich,Heeney,fheeneyqd@nyu.edu,United States,Des Moines,515-707-2911,50393
951,Adams,Compson,acompsonqe@artisteer.com,Ireland,Castlebridge,501-883-5610,R14
952,Johnathon,Inman,jinmanqf@engadget.com,Portugal,Ribeiro,127-910-6582,3465-132
953,Elvira,Fetherstan,efetherstanqg@skype.com,Portugal,Amorim,429-836-5982,4495-103
954,Karalynn,De Andreis,kdeandreisqh@weather.com,France,Hyères,220-385-4527,83404 CEDEX
955,Joli,Tredinnick,jtredinnickqi@ebay.co.uk,Canada,Anmore,568-868-3996,V5A
956,Lowrance,Copes,lcopesqj@nationalgeographic.com,Ireland,Midleton,574-945-2165,P25
957,Eleni,Dundredge,edundredgeqk@businessweek.com,Bulgaria,Sapareva Banya,507-481-5974,2645
958,Quillan,Beaudry,qbeaudryql@cnet.com,France,Metz,557-574-9086,57045 CEDEX 01
959,Valerye,Deason,vdeasonqm@columbia.edu,Senegal,Ndibène Dahra,302-362-9702,
960,Sky,Blankenship,sblankenshipqn@harvard.edu,Poland,Skomielna Czarna,976-573-3016,32-437
961,Domenic,Poppleton,dpoppletonqo@mapy.cz,France,Paris La Défense,790-838-1393,92929 CEDEX
962,Horst,Hallstone,hhallstoneqp@google.es,Portugal,Vilela,907-526-7268,4580-634
963,Barnebas,Tollett,btollettqq@marketwatch.com,Poland,Gnojnik,355-494-1896,32-864
964,Henrietta,Iacobini,hiacobiniqr@latimes.com,France,Strasbourg,339-333-5460,67975 CEDEX 9
965,Shermie,Betjes,sbetjesqs@vistaprint.com,Germany,Hanau,488-183-4277,63456
966,Faythe,Mengue,fmengueqt@google.com,Tunisia,Al Matlīn,708-150-8364,
967,Tiffi,Onions,tonionsqu@histats.com,Poland,Stupsk,431-167-3097,06-561
968,Micaela,Lascelles,mlascellesqv@networkadvertising.org,Portugal,Marco de Canaveses,991-252-2368,4630-087
969,Meggi,Ricca,mriccaqw@princeton.edu,United States,Odessa,432-439-8021,79764
970,Bartlett,Stoyles,bstoylesqx@washington.edu,Tunisia,Jendouba,791-469-9836,
971,Nanni,Faber,nfaberqy@bandcamp.com,France,Le Mans,340-819-6194,72100
972,Celinda,De Simoni,cdesimoniqz@usa.gov,Morocco,Tétouan,524-779-9450,
973,Casey,Stanion,cstanionr0@nba.com,Portugal,Nine,533-801-1909,4775-446
974,Charmaine,Balaisot,cbalaisotr1@friendfeed.com,Poland,Bukowiec,342-658-3970,86-122
975,Christye,Ballentime,cballentimer2@home.pl,Portugal,Veiros,904-164-7263,3860-346
976,Toby,Johanssen,tjohanssenr3@alibaba.com,France,Roubaix,859-983-7303,59100
977,Shelba,Burchfield,sburchfieldr4@answers.com,Poland,Bieniewice,600-283-3759,05-870
978,Davey,Key,dkeyr5@yellowpages.com,Poland,Wilga,376-827-0339,08-470
979,Melitta,Skeleton,mskeletonr6@nbcnews.com,Poland,Bujaków,184-687-0934,43-356
980,Sharona,Keilloh,skeillohr7@twitpic.com,France,La Roche-sur-Yon,965-891-0388,85021 CEDEX
981,Gisele,O'Fielly,gofiellyr8@facebook.com,Portugal,Estela,271-178-0857,4570-198
982,Kevan,Sabathe,ksabather9@lycos.com,Bulgaria,Ruse,687-238-4714,7000
983,Stevena,Lawee,slaweera@google.ru,Croatia,Postira,422-533-9298,21410
984,Filmer,Rowes,frowesrb@ucsd.edu,Canada,Richmond,952-920-6506,V6Y
985,Skipp,Painten,spaintenrc@unicef.org,France,Melun,225-364-9379,77050 CEDEX
986,Joeann,Raymen,jraymenrd@paginegialle.it,Ireland,Castleblayney,410-653-8275,A75
987,Berry,Leaton,bleatonre@phoca.cz,Bulgaria,Bov,630-563-8103,2271
988,Dorri,Ege,degerf@adobe.com,France,Haguenau,899-970-1004,67504 CEDEX
989,Janie,Buffy,jbuffyrg@furl.net,France,Béziers,111-656-0907,34513 CEDEX
990,Gayla,Pardi,gpardirh@netlog.com,United States,Lincoln,402-499-8576,68505
991,Sharla,Neesham,sneeshamri@archive.org,France,Poitiers,480-196-0965,86083 CEDEX 9
992,Felike,Stothard,fstothardrj@sciencedirect.com,Canada,Chase,745-748-2068,H4R
993,Emmye,Cud,ecudrk@ow.ly,United States,Little Rock,501-212-8735,72209
994,Kirsteni,Furzer,kfurzerrl@t.co,Poland,Zmiennica,703-526-0212,36-212
995,Derrick,Castiglio,dcastigliorm@nbcnews.com,Portugal,Sanguinheira,293-539-2883,3060-816
996,Merrie,Merigot,mmerigotrn@google.de,Netherlands,Leiden,777-767-9413,2334
997,Shepard,Flement,sflementro@census.gov,France,Nevers,519-467-6905,58004 CEDEX
998,Silvie,Coners,sconersrp@shop-pro.jp,Canada,Gravelbourg,798-712-9015,G8V
999,Cherice,Stoven,cstovenrq@delicious.com,Spain,Logroño,238-614-4075,26070
1000,Demetre,Yorke,dyorkerr@i2i.jp,Canada,Delaware,306-570-3075,M3H
